Date,Open,High,Low,Close,Volume,t_point
04-01-2021 01:00,32822.0625,33201,32822.0625,33201,19212,0
04-01-2021 02:00,33202,33472,33108,33472,19064,0
04-01-2021 03:00,33457,33512,33457,33512,19010,0
04-01-2021 04:00,33514,33514,33282.48828,33282.48828,19216,0
04-01-2021 05:00,33296,33296,32846,32846,18331,0
04-01-2021 06:00,32827,33203,32827,33203,18294,0
04-01-2021 07:00,33219,33219,32106,32106,18667,0
04-01-2021 08:00,32134.96289,32134.96289,32000,32111,17751,0
04-01-2021 09:00,32078,32078,31065.08008,31065.08008,19004,0
04-01-2021 10:00,31102,31102,29178,30250,25970,1
04-01-2021 11:00,30285,30764.28516,30285,30764.28516,26721,0
04-01-2021 12:00,30761.01953,31237,30592,31237,27448,0
04-01-2021 13:00,31231,31350,31177,31350,27486,0
04-01-2021 14:00,31453,32086,31453,32086,27994,0
04-01-2021 15:00,32127,32127,31746,31746,27380,0
04-01-2021 16:00,31719,31719,31082,31293.39844,27339,0
04-01-2021 17:00,31262,31262,30980,30980,26699,0
04-01-2021 18:00,30989,31131,30989,31131,25942,0
04-01-2021 19:00,31150,31633,31150,31633,26029,0
04-01-2021 20:00,31622.94531,31622.94531,31175,31175,25094,0
04-01-2021 21:00,31227,31227,31000,31000,25397,0
04-01-2021 22:00,30982,31333,30982,31333,24952,0
04-01-2021 23:00,31302.98047,32020,31302.98047,32020,24683,0
05-01-2021 00:00,32020,32627,32020,32386,25276,0
05-01-2021 01:00,32399,32766,32399,32766,24874,0
05-01-2021 02:00,32774,32774,32305,32305,24758,0
05-01-2021 03:00,32311,32311,31219.41992,31219.41992,25104,0
05-01-2021 04:00,31175,31175,30882,30882,25201,0
05-01-2021 05:00,30854,30979.07031,30405,30405,25263,1
05-01-2021 06:00,30400,31206,30400,31152,25357,0
05-01-2021 07:00,31117.24023,31117.24023,30805,30805,23957,0
05-01-2021 08:00,30787,31170,30787,31170,23525,0
05-01-2021 09:00,31200,31581,31200,31581,21548,0
05-01-2021 10:00,31595,31595,31318,31341,13840,0
05-01-2021 11:00,31320,31781,31320,31781,12458,0
05-01-2021 12:00,31798,31980,31610,31610,11681,0
05-01-2021 13:00,31617,31674,31476,31476,11319,0
05-01-2021 14:00,31524,32411.88672,31524,32411.88672,10883,0
05-01-2021 15:00,32353,32353,32116,32143,10506,0
05-01-2021 16:00,32144,32548,32144,32548,9874,0
05-01-2021 17:00,32625,32779,32625,32779,9746,0
05-01-2021 18:00,32794,33509,32794,33509,11347,0
05-01-2021 19:00,33465,33833,33465,33833,12913,0
05-01-2021 20:00,33853,34065,33545,34065,13325,0
05-01-2021 21:00,34097,34097,33656,33779,13289,0
05-01-2021 22:00,33777,34284,33777,34284,14107,0
05-01-2021 23:00,34278,34278,33767.60547,33996,14482,0
06-01-2021 00:00,33986,33992,33961.42969,33961.42969,13811,0
06-01-2021 01:00,33943,33943,33820,33820,13865,0
06-01-2021 02:00,33823,33901,33823,33888,13948,0
06-01-2021 03:00,33888,34168.85938,33888,34168.85938,13588,0
06-01-2021 04:00,34154,35390,34154,35390,14770,0
06-01-2021 05:00,35418,35418,34888,34888,15373,0
06-01-2021 06:00,34928,34936,34928,34936,15889,0
06-01-2021 07:00,34942,34942,34588,34588,16940,0
06-01-2021 08:00,34587,34587,34414,34568,17595,0
06-01-2021 09:00,34555,34555,33874,33874,17903,1
06-01-2021 10:00,33905,34489,33905,34489,18513,0
06-01-2021 11:00,34489,35026,34489,35026,19233,0
06-01-2021 12:00,35025,35025,34982,34982,19350,0
06-01-2021 13:00,34989,34989,34609,34609,19544,0
06-01-2021 14:00,34609,34609,34306,34306,19253,0
06-01-2021 15:00,34259.42969,34615,34259.42969,34615,19393,0
06-01-2021 16:00,34632,35005,34632,34653.50781,19983,0
06-01-2021 17:00,34665,34944,34665,34944,19950,0
06-01-2021 18:00,34954,35276,34954,35253,18569,0
06-01-2021 19:00,35253.54688,35609,34861.17969,34861.17969,17553,0
06-01-2021 20:00,34843,36013,34843,36013,18665,0
06-01-2021 21:00,36045,36128,35866,35866,19270,0
06-01-2021 22:00,35900,36217,35900,36019,18551,0
06-01-2021 23:00,36019,36755,36019,36755,18617,0
07-01-2021 00:00,36755,37174,36755,37174,19196,0
07-01-2021 01:00,37158,37158,36878,36878,19329,0
07-01-2021 02:00,36905,36994,36905,36994,19318,0
07-01-2021 03:00,36986,37560,36986,37478,19583,0
07-01-2021 04:00,37492,37492,37472,37472,18044,0
07-01-2021 05:00,37460,37460,37257.19531,37365,17077,0
07-01-2021 06:00,37365,37365,37034,37139,16036,0
07-01-2021 07:00,37140,37140,36826.5625,36826.5625,15153,1
07-01-2021 08:00,36854.85547,37201,36819,37201,14865,0
07-01-2021 09:00,37159.91406,37472,37159.91406,37472,14466,0
07-01-2021 10:00,37480,37480,36997,36997,13872,0
07-01-2021 11:00,37013,37809,37013,37809,13312,0
07-01-2021 12:00,37832,38026,37832,38011,13551,0
07-01-2021 13:00,37986,38200.27344,37986,38200.27344,14052,0
07-01-2021 14:00,38176,38493,38176,38451.60547,14174,0
07-01-2021 15:00,38452,38946,38452,38946,14315,0
07-01-2021 16:00,38968.02344,39351,38968.02344,39131,14344,0
07-01-2021 17:00,39130,39764,39130,39764,14650,0
07-01-2021 18:00,39741,39741,38765,38765,19787,0
07-01-2021 19:00,38820,39046,38347,39046,22328,0
07-01-2021 20:00,39025,39087,38963,39087,21425,0
07-01-2021 21:00,39070,39654,39070,39654,20944,0
07-01-2021 22:00,39657,39672,39655,39655,21533,0
07-01-2021 23:00,39665,39665,39357,39407,22112,0
08-01-2021 00:00,39407,39407,38736,38736,21705,0
08-01-2021 01:00,38719,38719,38507,38664,22487,0
08-01-2021 02:00,38641.84766,38641.84766,37151,37151,24097,1
08-01-2021 03:00,37171.50781,38304,37171.50781,38304,24074,0
08-01-2021 04:00,38292,38645,38292,38645,24240,0
08-01-2021 05:00,38639,38639,37871,37871,24551,0
08-01-2021 06:00,37864,38463.75391,37780,38463.75391,24930,0
08-01-2021 07:00,38460,39033,38460,38905,24873,0
08-01-2021 08:00,38901.90625,38901.90625,38617,38617,24551,0
08-01-2021 09:00,38628,39341,38575,39341,24686,0
08-01-2021 10:00,39358,40802,39358,40802,26812,0
08-01-2021 11:00,40738,41332,40738,41332,28196,0
08-01-2021 12:00,41343,41616,41269,41269,28481,0
08-01-2021 13:00,41295,41333,41295,41333,28076,0
08-01-2021 14:00,41309,41546,41309,41449,28252,0
08-01-2021 15:00,41492,41492,40315,40818,30032,0
08-01-2021 16:00,40787,41375,40787,41375,29884,0
08-01-2021 17:00,41349,41375,41024.70313,41024.70313,29657,0
08-01-2021 18:00,41033,41033,39805,39805,25045,0
08-01-2021 19:00,39832.77734,40360,39832.77734,40360,22222,0
08-01-2021 20:00,40306,40306,39015,39015,23227,1
08-01-2021 21:00,38978,39958,38978,39958,23219,0
08-01-2021 22:00,40003,40642,40003,40642,22765,0
08-01-2021 23:00,40622,40836,40509,40509,21785,0
09-01-2021 00:00,40509,40509,40174,40257.10156,21588,0
09-01-2021 01:00,40236,40236,40132,40132,20769,0
09-01-2021 02:00,40135.89453,40135.89453,39894,39894,19180,0
09-01-2021 03:00,39922,40175,39922,40175,18879,0
09-01-2021 04:00,40149,40180,39943,40180,18518,0
09-01-2021 05:00,40181,40181,39253,39253,18419,0
09-01-2021 06:00,39268,39268,38907,38907,18487,1
09-01-2021 07:00,38917,39582,38917,39582,18764,0
09-01-2021 08:00,39581,40152,39581,40152,18962,0
09-01-2021 09:00,40152,40329,40152,40329,18905,0
09-01-2021 10:00,40282,40364,40258.14453,40364,16791,0
09-01-2021 11:00,40373,40547,40373,40547,15795,0
09-01-2021 12:00,40555,40832,40555,40832,15048,0
09-01-2021 13:00,40857,41113,40857,41113,14905,0
09-01-2021 14:00,41107,41107,40836,40836,14567,0
09-01-2021 15:00,40849,40876,40574,40574,12517,0
09-01-2021 16:00,40574,40574,40000,40000,11906,0
09-01-2021 17:00,40038,40449,40038,40449,11792,0
09-01-2021 18:00,40449,40750,40449,40665,10926,0
09-01-2021 19:00,40670,40806,40666,40666,10509,0
09-01-2021 20:00,40670,40670,40650,40650,8991,0
09-01-2021 21:00,40681.12891,40833,40681.12891,40833,8672,0
09-01-2021 22:00,40777.89844,40777.89844,40203,40332,8442,0
09-01-2021 23:00,40330,40330,40171,40171,8173,1
10-01-2021 00:00,40171,40617,40171,40617,7854,0
10-01-2021 01:00,40616,41226,40616,41226,8327,0
10-01-2021 02:00,41226.36328,41226.36328,41031,41031,8311,0
10-01-2021 03:00,41055,41055,40360,40360,8431,0
10-01-2021 04:00,40373,40373,40358,40358,8390,0
10-01-2021 05:00,40356,40442,40356,40442,8104,0
10-01-2021 06:00,40448,40950,40448,40950,7635,0
10-01-2021 07:00,40942,40998,40942,40998,7219,0
10-01-2021 08:00,40992.86719,40992.86719,40725,40806,7160,0
10-01-2021 09:00,40805.03125,40954,40785,40785,7073,0
10-01-2021 10:00,40761,40761,40388,40388,7746,0
10-01-2021 11:00,40399.42188,40399.42188,39125,39125,8574,1
10-01-2021 12:00,39112,39621,39112,39489,9351,0
10-01-2021 13:00,39489,39770,39489,39770,9321,0
10-01-2021 14:00,39769,39769,39332,39332,9160,0
10-01-2021 15:00,39379,39672,39379,39672,9190,0
10-01-2021 16:00,39671.34375,39671.34375,39248,39248,9057,0
10-01-2021 17:00,39249,39249,37912,38567,11148,0
10-01-2021 18:00,38507.03516,38507.03516,38064,38064,11589,0
10-01-2021 19:00,38032,38377,37342,37342,12028,0
10-01-2021 20:00,37453,37724.30469,37436,37724.30469,17039,0
10-01-2021 21:00,37730,38092,37730,38092,18262,0
10-01-2021 22:00,38081,38913,38081,38477,18765,0
10-01-2021 23:00,38459,38459,38226,38226,19011,0
11-01-2021 00:00,38226,38226,37250,37250,19718,0
11-01-2021 01:00,37296,37700,37261,37261,19545,0
11-01-2021 02:00,37250,37250,36415,36415,20089,0
11-01-2021 03:00,36339.91016,36339.91016,35492,35492,24042,0
11-01-2021 04:00,35431,35543,35087,35543,25674,0
11-01-2021 05:00,35572,35572,35022,35022,26463,0
11-01-2021 06:00,34892,34892,33000,33000,30126,1
11-01-2021 07:00,33000,34531.73438,33000,34531.73438,32795,0
11-01-2021 08:00,34540,35506,34540,35506,33428,0
11-01-2021 09:00,35505,35817,35462,35817,34040,0
11-01-2021 10:00,35823,35823,35375,35426,33939,0
11-01-2021 11:00,35409.83594,35409.83594,34255,34255,33194,0
11-01-2021 12:00,34262.88672,34780,34262.88672,34287,33941,0
11-01-2021 13:00,34304.05078,34304.05078,32932.37109,32932.37109,35135,0
11-01-2021 14:00,32976,33343.42578,31993,33343.42578,40895,0
11-01-2021 15:00,33349,33349,31715.1543,31715.1543,42541,1
11-01-2021 16:00,31679,31973.18945,31679,31973.18945,47348,0
11-01-2021 17:00,31905,32925,31905,32925,47733,0
11-01-2021 18:00,32996,32996,32683,32683,48053,0
11-01-2021 19:00,32662,32662,32360,32360,48966,0
11-01-2021 20:00,32308,33499,31842,33499,45582,0
11-01-2021 21:00,33499,34063,33499,34063,46788,0
11-01-2021 22:00,34153,34429,33875,34429,47319,0
11-01-2021 23:00,34521.27344,35476,34521.27344,35476,48040,0
12-01-2021 00:00,35448,35448,34985,34985,48252,0
12-01-2021 01:00,34994.45703,35431,34332.46484,34332.46484,48217,0
12-01-2021 02:00,34387,34468,34378.50781,34468,47879,0
12-01-2021 03:00,34536.07031,35038,34536.07031,35038,43864,0
12-01-2021 04:00,35065,35370.79297,35000,35370.79297,42564,0
12-01-2021 05:00,35381,35949,35381,35949,42423,0
12-01-2021 06:00,35968.625,36038,35968.625,36038,39471,0
12-01-2021 07:00,36026,36454,35802,36454,37379,0
12-01-2021 08:00,36460,36460,35804,35804,37293,0
12-01-2021 09:00,35815,35895,35707,35895,37921,0
12-01-2021 10:00,35905,35905,35056,35169,39101,0
12-01-2021 11:00,35154,35416,35154,35416,38819,0
12-01-2021 12:00,35403,35595,35058.07422,35058.07422,37714,0
12-01-2021 13:00,35031,35031,33381,33381,37656,1
12-01-2021 14:00,33322,33474,33322,33474,33630,0
12-01-2021 15:00,33455.03516,33990,33455.03516,33919,32472,0
12-01-2021 16:00,33911,35012,33911,35012,28146,0
12-01-2021 17:00,35061,35061,35037,35037,26027,0
12-01-2021 18:00,35028.70703,35319,35028.70703,35029,25496,0
12-01-2021 19:00,35026,35026,34742,34742,24916,0
12-01-2021 20:00,34741,34741,34352,34352,24084,0
12-01-2021 21:00,34373,34733,34003,34733,22082,0
12-01-2021 22:00,34776,34776,33749,33749,21631,0
12-01-2021 23:00,33815,34103,33616,34103,22176,0
13-01-2021 00:00,34106,34106,32472,32472,22348,1
13-01-2021 01:00,32445,33174,32445,33174,22526,0
13-01-2021 02:00,33143,33200,33066,33066,22717,0
13-01-2021 03:00,33067,33821,33067,33821,23332,0
13-01-2021 04:00,33844,33844,33211,33211,23201,0
13-01-2021 05:00,33237,33359,33160,33359,22900,0
13-01-2021 06:00,33370,33862.79688,33370,33862.79688,22561,0
13-01-2021 07:00,33819.46875,35161,33819.46875,35161,23024,0
13-01-2021 08:00,35117,35117,34622,34622,22575,0
13-01-2021 09:00,34610,34610,34437.19141,34437.19141,21457,0
13-01-2021 10:00,34424,34997,34424,34997,19833,0
13-01-2021 11:00,34997,34997,34441,34441,20052,0
13-01-2021 12:00,34464,34464,34346,34346,19853,0
13-01-2021 13:00,34346,34672.48828,34346,34672.48828,18539,0
13-01-2021 14:00,34672.48047,34819,34332,34332,17038,1
13-01-2021 15:00,34315,34690,34315,34690,16484,0
13-01-2021 16:00,34709,34799,34595,34799,16059,0
13-01-2021 17:00,34820,35036,34820,34878,15851,0
13-01-2021 18:00,34873,35809,34873,35809,16337,0
13-01-2021 19:00,35839.39453,36049,35821,36049,15938,0
13-01-2021 20:00,36049,36240,36049,36240,15579,0
13-01-2021 21:00,36270,37279,36210,37279,15864,0
13-01-2021 22:00,37266,37418,37127,37127,15853,0
13-01-2021 23:00,37157,37375,37157,37375,14886,0
14-01-2021 00:00,37374,38131,37374,37751,14294,0
14-01-2021 01:00,37753,37753,37432,37432,14045,0
14-01-2021 02:00,37432,37432,37386,37386,13933,0
14-01-2021 03:00,37402,37402,37067,37067,13595,1
14-01-2021 04:00,37032,37435.64844,37032,37435.64844,13982,0
14-01-2021 05:00,37439,37540,37439,37540,14003,0
14-01-2021 06:00,37539,37887,37539,37887,13958,0
14-01-2021 07:00,37887,38501,37887,38270,13452,0
14-01-2021 08:00,38305,38437.64453,38305,38437.64453,13359,0
14-01-2021 09:00,38418,38418,37955,37955,13288,0
14-01-2021 10:00,37952,38413,37952,38413,13120,0
14-01-2021 11:00,38500,38500,38380,38380,12639,0
14-01-2021 12:00,38380.92578,38380.92578,37844,38271,12485,0
14-01-2021 13:00,38268,38998,38268,38998,12730,0
14-01-2021 14:00,38990.80469,39596,38892,39596,13335,0
14-01-2021 15:00,39588,39750,39505,39505,13961,0
14-01-2021 16:00,39501,39501,39233,39233,14126,0
14-01-2021 17:00,39260,39592,39260,39397.45703,14117,0
14-01-2021 18:00,39409,39443,39281,39281,13658,0
14-01-2021 19:00,39285,39861,39285,39861,13589,0
14-01-2021 20:00,39866,39866,39341,39341,13471,0
14-01-2021 21:00,39336,39336,38780,38780,13778,1
14-01-2021 22:00,38779,38920,38698,38920,13201,0
14-01-2021 23:00,38969,39170,38786,39170,12967,0
15-01-2021 00:00,39145,39435,39145,39435,12631,0
15-01-2021 01:00,39459,39476,39142,39142,12352,0
15-01-2021 02:00,39176,39294.46484,39176,39279,12140,0
15-01-2021 03:00,39292,39292,38710,38710,12083,0
15-01-2021 04:00,38711,38711,38356,38480,11747,0
15-01-2021 05:00,38460,38460,37824,37824,11772,1
15-01-2021 06:00,37808,37950,37808,37950,12054,0
15-01-2021 07:00,37952.08594,38417,37952.08594,38417,11747,0
15-01-2021 08:00,38432,38432,38183,38183,11807,0
15-01-2021 09:00,38180,38641,38055,38641,11788,0
15-01-2021 10:00,38643,38643,38416,38416,11849,0
15-01-2021 11:00,38416,38416,38055,38055,11832,0
15-01-2021 12:00,38055,38055,37758,37758,12340,0
15-01-2021 13:00,37748,37748,37541,37688,12217,0
15-01-2021 14:00,37679,37679,36926,36926,11813,0
15-01-2021 15:00,36943,36943,35600,35600,12383,0
15-01-2021 16:00,35551,36177,35551,36177,14210,0
15-01-2021 17:00,36161,36161,35983,35995,14671,0
15-01-2021 18:00,35970,35970,35387,35387,15332,0
15-01-2021 19:00,35455,35455,35110,35110,15545,1
15-01-2021 20:00,35089,35583,35089,35583,15816,0
15-01-2021 21:00,35568,36252,35568,36252,15324,0
15-01-2021 22:00,36309,36600,36309,36600,15548,0
15-01-2021 23:00,36598,36741,36453,36741,15551,0
16-01-2021 00:00,36741,37152.33984,36741,37133,15559,0
16-01-2021 01:00,37146.87109,37146.87109,36991,36991,15728,0
16-01-2021 02:00,37005,37005,36187,36187,16057,0
16-01-2021 03:00,36162,36521,36162,36521,16154,0
16-01-2021 04:00,36501,36544,36363,36544,16183,0
16-01-2021 05:00,36541,36541,35809,35869,16163,1
16-01-2021 06:00,35900,36128,35900,36128,15679,0
16-01-2021 07:00,36147,36786,36147,36591,15697,0
16-01-2021 08:00,36583,37499,36583,37499,15726,0
16-01-2021 09:00,37494,37494,37444,37444,15805,0
16-01-2021 10:00,37447,37750,37399,37399,16029,0
16-01-2021 11:00,37418,37667,37418,37667,16199,0
16-01-2021 12:00,37714,37714,37415,37415,16383,0
16-01-2021 13:00,37420,37478,37220,37220,16662,0
16-01-2021 14:00,37220,37299,37220,37299,16516,0
16-01-2021 15:00,37334,37538,37334,37538,15484,0
16-01-2021 16:00,37548,37548,37197,37247,13617,0
16-01-2021 17:00,37249,37249,36973,36973,13039,0
16-01-2021 18:00,36974,37177,36535,36535,12268,0
16-01-2021 19:00,36556.18359,36556.18359,36453,36453,11952,0
16-01-2021 20:00,36421,36746,36421,36746,11263,0
16-01-2021 21:00,36788,36788,35971.53516,35971.53516,10982,1
16-01-2021 22:00,35933,36163,35933,36163,10794,0
16-01-2021 23:00,36080,36105,36055,36055,10840,0
17-01-2021 00:00,36061,36420,36061,36420,10748,0
17-01-2021 01:00,36350,36750,36350,36750,10553,0
17-01-2021 02:00,36782,36782,36480,36480,10065,0
17-01-2021 03:00,36460,36460,36250,36250,9647,0
17-01-2021 04:00,36255,36255,35886,35886,9374,0
17-01-2021 05:00,35892,35892,35579,35579,9294,0
17-01-2021 06:00,35588,35588,35359,35432,9332,0
17-01-2021 07:00,35432,35432,34734.07813,34734.07813,9901,0
17-01-2021 08:00,34732,34732,34619.44141,34705,10108,0
17-01-2021 09:00,34706,34706,34174,34174,10501,1
17-01-2021 10:00,34174,34834.21484,33914,34834.21484,10911,0
17-01-2021 11:00,34839,35302,34839,35302,10995,0
17-01-2021 12:00,35346,35346,35122,35122,10401,0
17-01-2021 13:00,35130,35405,34866,34866,9984,0
17-01-2021 14:00,34864,35242,34844,34844,9759,0
17-01-2021 15:00,34824,35786.63672,34824,35786.63672,9791,0
17-01-2021 16:00,35769,35990,35769,35990,9994,0
17-01-2021 17:00,35972,35972,35845,35865.82813,10137,0
17-01-2021 18:00,35908,35908,35722.19141,35722.19141,10105,0
17-01-2021 19:00,35732.36328,35935,35668,35668,9807,0
17-01-2021 20:00,35698,36122,35698,36122,9793,0
17-01-2021 21:00,36181,36596,36181,36596,9837,0
17-01-2021 22:00,36652,36652,36250,36250,9854,0
17-01-2021 23:00,36316,36316,35903,35903,9846,0
18-01-2021 00:00,35913,36042,35913,36042,9782,0
18-01-2021 01:00,36041,36171.86719,36041,36171.86719,9921,0
18-01-2021 02:00,36220,36220,35804,35804,9877,0
18-01-2021 03:00,35828,35828,35113,35113,10367,1
18-01-2021 04:00,35121,35162,35121,35162,10572,0
18-01-2021 05:00,35159,35427,35159,35427,10636,0
18-01-2021 06:00,35430,35430,35180,35232,10402,0
18-01-2021 07:00,35241,36164,35241,36164,9782,0
18-01-2021 08:00,36161,36446,36161,36272,9321,0
18-01-2021 09:00,36273,36555,36273,36555,8796,0
18-01-2021 10:00,36587,36587,36287,36287,8099,0
18-01-2021 11:00,36276.66797,36508,36010,36508,7971,0
18-01-2021 12:00,36522.34766,37091,36522.34766,37091,8878,0
18-01-2021 13:00,37101,37101,36858,36858,9041,0
18-01-2021 14:00,36846,36846,36418,36446,9412,0
18-01-2021 15:00,36458.57422,36494,36458.57422,36494,9318,0
18-01-2021 16:00,36504,36504,36033,36261.40625,9076,0
18-01-2021 17:00,36268,36268,35693,35727,9216,1
18-01-2021 18:00,35727,35831,35727,35831,9143,0
18-01-2021 19:00,35831,36042,35831,36042,9185,0
18-01-2021 20:00,36041,36175,36041,36175,9251,0
18-01-2021 21:00,36181,36295,36181,36293,8798,0
18-01-2021 22:00,36306,36536,36306,36536,8553,0
18-01-2021 23:00,36526,36699,36526,36699,8414,0
19-01-2021 00:00,36699,36846.71484,36699,36806,8724,0
19-01-2021 01:00,36764,37352,36764,37084.43359,9719,0
19-01-2021 02:00,37084,37084,36950,36950,10112,0
19-01-2021 03:00,36949.09375,36949.09375,36622,36622,9757,0
19-01-2021 04:00,36603,36603,36456,36456,9667,0
19-01-2021 05:00,36425,36448,36407,36407,9341,0
19-01-2021 06:00,36386,36728,36386,36728,9528,0
19-01-2021 07:00,36728,37230,36728,37230,9484,0
19-01-2021 08:00,37240,37299,37106,37299,9977,0
19-01-2021 09:00,37308,37460,37150.05859,37150.05859,10257,0
19-01-2021 10:00,37151.01953,37205.8125,37151,37151,10402,0
19-01-2021 11:00,37154,37325,37154,37325,10348,0
19-01-2021 12:00,37365.23438,37365.23438,36861,36861,9599,1
19-01-2021 13:00,36853,37189,36853,37189,9327,0
19-01-2021 14:00,37196.69531,37243,37066.38281,37066.38281,8771,0
19-01-2021 15:00,37069,37376,37069,37376,8533,0
19-01-2021 16:00,37377,37673,37377,37410,8888,0
19-01-2021 17:00,37419,37419,37224,37224,8589,0
19-01-2021 18:00,37215,37215,36532,36532,8776,0
19-01-2021 19:00,36532,36532,36315,36345,9184,0
19-01-2021 20:00,36333,36494,36333,36494,9187,0
19-01-2021 21:00,36493,36793,36493,36519,9341,0
19-01-2021 22:00,36519,36700,36519,36700,9308,0
19-01-2021 23:00,36694,36694,35958,35958,9605,0
20-01-2021 00:00,35915,36382,35915,36382,9615,0
20-01-2021 01:00,36296,36296,36171,36171,8479,0
20-01-2021 02:00,36122,36122,36059.35938,36059.35938,8437,0
20-01-2021 03:00,36050,36050,35022,35022,9240,1
20-01-2021 04:00,35019,35252,35019,35240,10425,0
20-01-2021 05:00,35234,35447,35234,35447,10730,0
20-01-2021 06:00,35432,35493,35190,35190,10732,0
20-01-2021 07:00,35215,35711,35215,35711,10780,0
20-01-2021 08:00,35666.92578,35666.92578,35468,35468,10231,0
20-01-2021 09:00,35481,35481,34772,34772,10225,0
20-01-2021 10:00,34745,34745,34645.9375,34645.9375,11139,0
20-01-2021 11:00,34639,34639,34261,34372,12044,0
20-01-2021 12:00,34370,34729.00781,34370,34729.00781,12698,0
20-01-2021 13:00,34709.91406,34963.83203,34709.91406,34963.83203,12963,0
20-01-2021 14:00,34965.54297,35138,34848,34848,13202,0
20-01-2021 15:00,34867,34867,34210,34210,13490,1
20-01-2021 16:00,34199,34716,33447,34716,14453,0
20-01-2021 17:00,34700,34851,34700,34851,14663,0
20-01-2021 18:00,34847.62891,35200,34847.62891,35200,14573,0
20-01-2021 19:00,35189.35547,35193,35116,35193,14216,0
20-01-2021 20:00,35168.09375,35168.09375,34979,34979,14306,0
20-01-2021 21:00,34967,34967,34926,34926,14276,0
20-01-2021 22:00,34926,35022.16797,34926,35018,14330,0
20-01-2021 23:00,35013,35521.08203,35013,35521.08203,14139,0
21-01-2021 00:00,35522,35522,35345,35345,13882,0
21-01-2021 01:00,35338,35338,34835,34835,13982,0
21-01-2021 02:00,34821,34821,34625,34625,13734,0
21-01-2021 03:00,34626,34732,34620,34620,12964,0
21-01-2021 04:00,34619.76172,34619.76172,34293,34293,11733,0
21-01-2021 05:00,34266,34574,34266,34574,11590,0
21-01-2021 06:00,34609,34715,34609,34715,11450,0
21-01-2021 07:00,34691,34749,34666,34666,11351,0
21-01-2021 08:00,34659,34659,33288,33288,12235,0
21-01-2021 09:00,33254,33254,32729,32943,13946,0
21-01-2021 10:00,32891.11719,32891.11719,32814,32814,14113,0
21-01-2021 11:00,32776,32949,32222,32222,13579,0
21-01-2021 12:00,32157,32533,32157,32533,14775,0
21-01-2021 13:00,32523,32523,32337.18555,32337.18555,15026,0
21-01-2021 14:00,32281,32281,31203,31203,17592,0
21-01-2021 15:00,31095,31399,31095,31399,18052,0
21-01-2021 16:00,31390,31390,31060,31060,17394,1
21-01-2021 17:00,31045,31935,31045,31935,18215,0
21-01-2021 18:00,31932.3125,31932.3125,31782,31782,18340,0
21-01-2021 19:00,31782,32510,31738,32510,18619,0
21-01-2021 20:00,32502,32502,31891.42383,31891.42383,18734,0
21-01-2021 21:00,31896,31896,31258,31258,19030,0
21-01-2021 22:00,31240,31240,30609,30897.16797,21547,0
21-01-2021 23:00,30934,31244,30873,30873,22347,0
22-01-2021 00:00,30852,30852,29560.07422,29560.07422,24981,1
22-01-2021 01:00,29535,30162,28991,30162,26337,0
22-01-2021 02:00,30183,30756.28711,30183,30756.28711,26743,0
22-01-2021 03:00,30737,30958.14258,30737,30958.14258,26829,0
22-01-2021 04:00,30953,31204.98438,30920,30920,27312,0
22-01-2021 05:00,30904,31856,30904,31756,27710,0
22-01-2021 06:00,31823,31823,31535,31535,27964,0
22-01-2021 07:00,31528.41602,31528.41602,30816,30816,28308,1
22-01-2021 08:00,30829.7207,31523,30829.7207,31523,28107,0
22-01-2021 09:00,31531.5625,31620,31428,31428,26352,0
22-01-2021 10:00,31450,31450,31202,31409,25440,0
22-01-2021 11:00,31401.47461,31772,31401.47461,31772,25197,0
22-01-2021 12:00,31776.72656,31776.72656,31571,31571,23294,0
22-01-2021 13:00,31591,32322.80273,31591,32195,23148,0
22-01-2021 14:00,32237,32510,32237,32510,20650,0
22-01-2021 15:00,32543.78516,32543.78516,32487,32487,20139,0
22-01-2021 16:00,32487,32487,32433,32433,19513,0
22-01-2021 17:00,32432,32432,32362,32362,18640,0
22-01-2021 18:00,32362,33311,32362,33311,18885,0
22-01-2021 19:00,33311,33655,33311,33655,18923,0
22-01-2021 20:00,33655,33655,33504,33624,18918,0
22-01-2021 21:00,33589,33631,33375,33375,18636,0
22-01-2021 22:00,33375,33375,32920,32920,16324,0
22-01-2021 23:00,32905.77344,33088.35156,32905.77344,33062,15720,0
23-01-2021 00:00,33062,33062,32759,32787,13315,0
23-01-2021 01:00,32787,32792,32787,32792,12288,0
23-01-2021 02:00,32788,32788,32245,32322,11988,1
23-01-2021 03:00,32322,32473,32322,32465,11852,0
23-01-2021 04:00,32465,32668,32465,32668,11540,0
23-01-2021 05:00,32668,33473,32577.45508,33473,11276,0
23-01-2021 06:00,33473,33473,32940,32940,11317,0
23-01-2021 07:00,32943,33034,32943,33034,10894,0
23-01-2021 08:00,33034,33034,32914,33031,10265,0
23-01-2021 09:00,33031,33031,32539,32539,10123,0
23-01-2021 10:00,32539,32539,32412,32412,9777,0
23-01-2021 11:00,32400.13281,32400.13281,31718,31718,9944,0
23-01-2021 12:00,31718,31718,31700,31700,9746,1
23-01-2021 13:00,31732,31954,31732,31954,9805,0
23-01-2021 14:00,31939,31939,31773,31786,9630,0
23-01-2021 15:00,31781,31936,31781,31936,9505,0
23-01-2021 16:00,31954,32204,31954,32194,9251,0
23-01-2021 17:00,32194,32300.86914,32194,32300.86914,8986,0
23-01-2021 18:00,32266,32318.42578,32245,32245,8454,0
23-01-2021 19:00,32246,32415.82227,32246,32415.82227,8160,0
23-01-2021 20:00,32451,32451,32235,32235,7831,0
23-01-2021 21:00,32232,32368.33008,32145,32368.33008,7770,0
23-01-2021 22:00,32379,32379,32084,32087,7499,0
23-01-2021 23:00,32084,32099,32084,32099,7065,0
24-01-2021 00:00,32099,32099,31910,31910,6871,1
24-01-2021 01:00,31927,32027,31927,31950,6377,0
24-01-2021 02:00,31947.10352,32144,31947.10352,32144,6475,0
24-01-2021 03:00,32143,32535,32143,32535,6324,0
24-01-2021 04:00,32554,32887,32554,32887,6272,0
24-01-2021 05:00,32925,32928,32925,32928,6037,0
24-01-2021 06:00,32964,32964,32766,32799,5669,0
24-01-2021 07:00,32834.76953,32874,32724,32874,5584,0
24-01-2021 08:00,32844,32844,32716,32716,5470,0
24-01-2021 09:00,32737,32745,32705,32705,5187,0
24-01-2021 10:00,32715,32748,32715,32748,5075,0
24-01-2021 11:00,32780,32897.41016,32780,32897.41016,4623,0
24-01-2021 12:00,32888,32888,32408,32443,4789,0
24-01-2021 13:00,32443,32443,32327,32327,4561,0
24-01-2021 14:00,32326,32433,32161.13086,32161.13086,4673,0
24-01-2021 15:00,32151,32361,32074,32074,4665,0
24-01-2021 16:00,32098,32098,31893.16211,31893.16211,5092,0
24-01-2021 17:00,31853.36133,31962,31853.36133,31962,5217,0
24-01-2021 18:00,31926,31972,31900,31900,5201,0
24-01-2021 19:00,31881,31881,31400.46875,31400.46875,5590,1
24-01-2021 20:00,31400,31779,31400,31779,5715,0
24-01-2021 21:00,31776,31996,31776,31972,5687,0
24-01-2021 22:00,31986,32211,31986,32211,5818,0
24-01-2021 23:00,32206,32298,32139,32298,5887,0
25-01-2021 00:00,32298,32648.92383,32298,32648.92383,6037,0
25-01-2021 01:00,32655,32930,32584,32930,6175,0
25-01-2021 02:00,32933,32933,32808,32840.875,6106,0
25-01-2021 03:00,32856,33596,32856,33596,6491,0
25-01-2021 04:00,33670,33673,33425.61328,33425.61328,6576,0
25-01-2021 05:00,33411.72266,33451,33345.30859,33345.30859,6523,0
25-01-2021 06:00,33377,33502,33377,33502,6612,0
25-01-2021 07:00,33526,33526,33389,33399,6674,0
25-01-2021 08:00,33423,33503,33423,33503,6727,0
25-01-2021 09:00,33524.6875,33524.6875,33028,33028,6942,1
25-01-2021 10:00,32998,33159,32998,33159,7045,0
25-01-2021 11:00,33149,33250,33103.07813,33250,7045,0
25-01-2021 12:00,33255,34290,33255,34232,7370,0
25-01-2021 13:00,34237,34584,34237,34584,7743,0
25-01-2021 14:00,34605.26953,34693,34504,34504,7994,0
25-01-2021 15:00,34498,34498,34479,34479,8156,0
25-01-2021 16:00,34459.96484,34459.96484,33924.92188,33924.92188,8260,0
25-01-2021 17:00,33966,33966,33778,33778,8397,0
25-01-2021 18:00,33780,33780,33711.5,33711.5,8568,0
25-01-2021 19:00,33667.19141,33709,33426,33426,8229,0
25-01-2021 20:00,33415,33455.74609,33219,33455.74609,8331,0
25-01-2021 21:00,33450,33450,32716,32716,8941,0
25-01-2021 22:00,32743,32743,32372,32480,9091,0
25-01-2021 23:00,32468,32468,32268.10352,32268.10352,9230,0
26-01-2021 00:00,32268.10352,32503.55859,32268.10352,32503.55859,9217,0
26-01-2021 01:00,32479,32747,32351,32747,9343,0
26-01-2021 02:00,32748,32748,32340,32340,9218,0
26-01-2021 03:00,32308.22266,32355,31561,31561,9422,1
26-01-2021 04:00,31506,32049,31506,32049,9385,0
26-01-2021 05:00,32050,32115,32050,32115,9424,0
26-01-2021 06:00,32106.2793,32106.2793,31668,31668,9764,0
26-01-2021 07:00,31620,31691,31434,31691,10240,0
26-01-2021 08:00,31698,31935,31698,31935,10278,0
26-01-2021 09:00,31935,31935,31707.74414,31901,10311,0
26-01-2021 10:00,31909,32290,31909,32290,10408,0
26-01-2021 11:00,32299,32299,31855,31855,10445,0
26-01-2021 12:00,31834,31834,31331,31331,10280,0
26-01-2021 13:00,31366,31795,31366,31795,10025,0
26-01-2021 14:00,31785,31785,31326,31326,9980,1
26-01-2021 15:00,31323,31837,31323,31808.22461,10071,0
26-01-2021 16:00,31808.22461,32045,31808.22461,32045,9840,0
26-01-2021 17:00,32076,32270.29102,32076,32270.29102,9794,0
26-01-2021 18:00,32295,32295,32131,32290,9632,0
26-01-2021 19:00,32310,32310,32250,32250,9394,0
26-01-2021 20:00,32263.62695,32309.41406,32018,32018,9227,0
26-01-2021 21:00,32018,32099,32018,32030,8530,0
26-01-2021 22:00,32030,32765,32030,32765,8360,0
26-01-2021 23:00,32832,32832,32519,32519,8540,0
27-01-2021 00:00,32519,32519,32388,32388,8303,0
27-01-2021 01:00,32375,32432,32137,32137,8074,0
27-01-2021 02:00,32126.0293,32173,31877,31877,8365,0
27-01-2021 03:00,31700,31826,31700,31826,9937,0
27-01-2021 04:00,31826,31922,31682,31922,9865,0
27-01-2021 05:00,31923,31923,31566.9668,31566.9668,10199,0
27-01-2021 06:00,31561,31731,31561,31731,9825,0
27-01-2021 07:00,31728,31836,31648,31836,9380,0
27-01-2021 08:00,31833,31833,31217,31217,9475,0
27-01-2021 09:00,31207,31288,31207,31288,9913,0
27-01-2021 10:00,31271,31396,31271,31396,9859,0
27-01-2021 11:00,31421,31421,30689,30689,10120,0
27-01-2021 12:00,30681,30830,30681,30830,10451,0
27-01-2021 13:00,30827,30827,30365,30365,10581,0
27-01-2021 14:00,30302.57422,30302.57422,29595,29595,12159,1
27-01-2021 15:00,29577,30423,29577,30423,12746,0
27-01-2021 16:00,30433,30736,30433,30613,13239,0
27-01-2021 17:00,30623,30623,30553,30553,13448,0
27-01-2021 18:00,30551,30551,29778,29778,13774,0
27-01-2021 19:00,29782.10352,30766,29782.10352,30766,14309,0
27-01-2021 20:00,30790,31574.05273,30790,31574.05273,14753,0
27-01-2021 21:00,31620.68555,31620.68555,30976,31029,14976,0
27-01-2021 22:00,31036.7832,31036.7832,30602,30602,14941,0
27-01-2021 23:00,30586.17188,30586.17188,30454,30454,14774,0
28-01-2021 00:00,30454,30749,30344,30749,15038,0
28-01-2021 01:00,30765,30948,30765,30948,15125,0
28-01-2021 02:00,30985.05469,31175,30985.05469,31101,14707,0
28-01-2021 03:00,31084,31476,31084,31476,12864,0
28-01-2021 04:00,31516,31516,31365,31365,12702,0
28-01-2021 05:00,31389,31766,31317,31766,12420,0
28-01-2021 06:00,31792,31792,31641.38086,31641.38086,12438,0
28-01-2021 07:00,31629.87305,31629.87305,31225,31225,12986,0
28-01-2021 08:00,31225,31225,31062,31114,12912,1
28-01-2021 09:00,31122,31530,31122,31530,12396,0
28-01-2021 10:00,31529,31546,31526,31546,12397,0
28-01-2021 11:00,31547,31547,31445,31484,12069,0
28-01-2021 12:00,31498,31530,31498,31530,11548,0
28-01-2021 13:00,31533,31826,31284.91406,31826,11191,0
28-01-2021 14:00,31820,31878,31820,31878,9518,0
28-01-2021 15:00,31878,31915.17578,31878,31915.17578,8880,0
28-01-2021 16:00,31957,32425,31779,32425,8498,0
28-01-2021 17:00,32435,32435,32281.46289,32281.46289,8320,0
28-01-2021 18:00,32275,32649,32275,32649,8251,0
28-01-2021 19:00,32636,32636,32592,32592,7969,0
28-01-2021 20:00,32580,32580,32568,32568,7883,0
28-01-2021 21:00,32561,33143,32561,33143,8243,0
28-01-2021 22:00,33176,33482,33176,33482,8810,0
28-01-2021 23:00,33492,33492,33331,33331,9168,0
29-01-2021 00:00,33350,34128,33350,34128,9655,0
29-01-2021 01:00,34117,34117,33840,33874,9845,0
29-01-2021 02:00,33862,33948.53906,33862,33948.53906,10049,0
29-01-2021 03:00,33949,34009,33708,33708,10148,0
29-01-2021 04:00,33729,33729,33118,33118,10746,0
29-01-2021 05:00,33112,33112,32988,32988,10703,0
29-01-2021 06:00,32990,32990,32513,32513,10796,0
29-01-2021 07:00,32504,32504,32314,32314,10579,1
29-01-2021 08:00,32329,36499,32329,36499,13112,0
29-01-2021 09:00,36303,36972,36303,36879,18359,0
29-01-2021 10:00,36817,36817,36698.52344,36698.52344,20241,0
29-01-2021 11:00,36663,37139,36663,37139,21046,0
29-01-2021 12:00,37093,37935,37093,37935,21595,0
29-01-2021 13:00,37925,38450.74609,37925,38450.74609,23298,0
29-01-2021 14:00,38418,38418,37163,37163,24943,0
29-01-2021 15:00,37221,37221,37164,37198,26201,0
29-01-2021 16:00,37226,37226,36149.72656,36149.72656,26541,0
29-01-2021 17:00,36084,36084,35730,35730,26920,0
29-01-2021 18:00,35800,35800,35227,35227,27937,0
29-01-2021 19:00,35222,35222,34060.3125,34328,29008,0
29-01-2021 20:00,34350,34598.90625,34350,34598.90625,29225,0
29-01-2021 21:00,34570,34680,34462.64844,34680,29098,0
29-01-2021 22:00,34623,34623,34442,34468,28714,0
29-01-2021 23:00,34461,34461,34280.66406,34280.66406,28640,0
30-01-2021 00:00,34268,34724,34268,34306,28164,0
30-01-2021 01:00,34284,34284,34110,34110,28140,0
30-01-2021 02:00,34131,34131,33856,33856,28033,0
30-01-2021 03:00,33819,33819,33136.58594,33248,28736,1
30-01-2021 04:00,33277.94531,33526,33277.94531,33526,28728,0
30-01-2021 05:00,33560.18359,33560.18359,33219,33545,28823,0
30-01-2021 06:00,33537,33837,33420,33837,28732,0
30-01-2021 07:00,33833.27734,34074,33833.27734,34074,28662,0
30-01-2021 08:00,34072,34248,33887,33887,26159,0
30-01-2021 09:00,33888,34298,33888,34298,20919,0
30-01-2021 10:00,34284,34348,34284,34348,19189,0
30-01-2021 11:00,34322.37109,34322.37109,33661.84375,33661.84375,18503,1
30-01-2021 12:00,33675,33794,33673,33794,17693,0
30-01-2021 13:00,33795.80859,34281,33795.80859,34281,15914,0
30-01-2021 14:00,34266,34293,34207,34293,14068,0
30-01-2021 15:00,34305,34326,34270,34270,12513,0
30-01-2021 16:00,34269,34269,34004,34004,11913,0
30-01-2021 17:00,33993,34294,33993,34294,11364,0
30-01-2021 18:00,34296,34382,34296,34382,10141,0
30-01-2021 19:00,34386,34386,34380,34380,8802,0
30-01-2021 20:00,34380,34446,34204,34204,8152,0
30-01-2021 21:00,34211,34714,34211,34714,7784,0
30-01-2021 22:00,34726,34791,34622,34622,7590,0
30-01-2021 23:00,34604,34604,34334,34334,7290,0
31-01-2021 00:00,34334,34334,34111,34111,7000,0
31-01-2021 01:00,34128,34238,34128,34238,6735,0
31-01-2021 02:00,34232,34232,33714,33714,7945,0
31-01-2021 03:00,33706,33913,33706,33913,7116,0
31-01-2021 04:00,33937,34028,33937,34028,6453,0
31-01-2021 05:00,34034,34034,33716,33733,6220,0
31-01-2021 06:00,33733,33733,33650,33650,6130,0
31-01-2021 07:00,33663,33794.4375,33607.12891,33607.12891,5897,0
31-01-2021 08:00,33613,33613,33610,33611,5751,0
31-01-2021 09:00,33613,33613,33342.92188,33342.92188,5703,1
31-01-2021 10:00,33336.85156,33684,33336.85156,33684,5493,0
31-01-2021 11:00,33686,33686,33602,33602,5348,0
31-01-2021 12:00,33602,34025,33602,34025,5561,0
31-01-2021 13:00,34025,34025,33730,33730,5413,0
31-01-2021 14:00,33736,33736,33401,33401,5411,0
31-01-2021 15:00,33384,33384,32952,32952,5945,0
31-01-2021 16:00,32900,33067,32900,32954,5793,0
31-01-2021 17:00,32985,32985,32320,32320,6001,1
31-01-2021 18:00,32318,32504,32270,32504,6078,0
31-01-2021 19:00,32485,32863.0625,32485,32863.0625,6169,0
31-01-2021 20:00,32871,32900,32871,32900,6191,0
31-01-2021 21:00,32904,32904,32615,32615,6065,0
31-01-2021 22:00,32601,33000,32601,33000,6023,0
31-01-2021 23:00,33012,33141,33012,33141,5823,0
01-02-2021 00:00,33141,33141,32595,32597,5984,1
01-02-2021 01:00,32603,33494,32603,33452,6132,0
01-02-2021 02:00,33476,33707,33476,33707,4749,0
01-02-2021 03:00,33692,33692,33626,33626,4583,0
01-02-2021 04:00,33615.78125,33651,33583,33583,4625,0
01-02-2021 05:00,33584,33825,33584,33825,4697,0
01-02-2021 06:00,33805.36328,33885,33577,33577,5159,1
01-02-2021 07:00,33547,33817,33547,33817,5125,0
01-02-2021 08:00,33812,34500,33812,34500,5239,0
01-02-2021 09:00,34500,34500,34378,34378,5562,0
01-02-2021 10:00,34421,34421,34184,34184,5681,0
01-02-2021 11:00,34194,34209,34194,34209,5816,0
01-02-2021 12:00,34212,34212,33823.25391,33823.25391,5699,0
01-02-2021 13:00,33817.13281,33817.13281,33745,33745,5877,0
01-02-2021 14:00,33737,33840,33560,33560,5982,0
01-02-2021 15:00,33569,33576,33194,33194,5858,1
01-02-2021 16:00,33179.32031,33461,33179.32031,33461,5893,0
01-02-2021 17:00,33461.20313,34032,33461.20313,34032,5689,0
01-02-2021 18:00,34002,34002,33732.51953,33732.51953,5502,0
01-02-2021 19:00,33755,33870,33755,33870,5393,0
01-02-2021 20:00,33870,33968,33860,33860,5309,0
01-02-2021 21:00,33808,33808,33671.28516,33671.28516,5306,0
01-02-2021 22:00,33671.28516,33671.28516,33593,33593,5313,0
01-02-2021 23:00,33582,33712,33559,33559,5300,1
02-02-2021 00:00,33559,33838,33559,33838,5168,0
02-02-2021 01:00,33799.11328,33808,33799.11328,33806,5016,0
02-02-2021 02:00,33803,33806,33707,33707,4826,0
02-02-2021 03:00,33707,33707,33590,33590,4808,0
02-02-2021 04:00,33590,33955,33590,33955,4773,0
02-02-2021 05:00,33929,34018,33929,34018,4715,0
02-02-2021 06:00,34053,34369,34053,34369,4283,0
02-02-2021 07:00,34368,34378,34236,34378,5583,0
02-02-2021 08:00,34359,34760,34359,34760,5483,0
02-02-2021 09:00,34775,35430,34775,35430,6153,0
02-02-2021 10:00,35449,35449,35252,35252,6225,0
02-02-2021 11:00,35260,35260,34818,34818,6270,0
02-02-2021 12:00,34825,34915,34825,34886,6358,0
02-02-2021 13:00,34889,34966,34889,34930,6386,0
02-02-2021 14:00,34949,34949,34671,34872,6286,0
02-02-2021 15:00,34874.94531,35092,34776,34776,6053,1
02-02-2021 16:00,34781,35048.36719,34781,35048.36719,6224,0
02-02-2021 17:00,35064,35064,34940,34940,6198,0
02-02-2021 18:00,34940,35350.54688,34940,35350.54688,6251,0
02-02-2021 19:00,35351.75781,35851,35351.75781,35851,6564,0
02-02-2021 20:00,35864,35909,35864,35909,7048,0
02-02-2021 21:00,35905,35960,35749,35749,7086,0
02-02-2021 22:00,35749,35749,35670,35670,7032,0
02-02-2021 23:00,35668,35668,35563,35563,7006,0
03-02-2021 00:00,35563,36228,35563,36228,7121,0
03-02-2021 01:00,36221,36221,35991,35991,7246,0
03-02-2021 02:00,35977,36028,35977,36028,7270,0
03-02-2021 03:00,36009,36506,36009,36506,7379,0
03-02-2021 04:00,36507,36816,36507,36703,7883,0
03-02-2021 05:00,36743,36743,36587,36587,8085,0
03-02-2021 06:00,36589,36623,36589,36623,8320,0
03-02-2021 07:00,36676,36676,36430,36430,7009,0
03-02-2021 08:00,36427,36427,36188,36188,7377,0
03-02-2021 09:00,36175,36175,35908,35908,8695,1
03-02-2021 10:00,35909,36094,35906,36094,8860,0
03-02-2021 11:00,36094,36094,36010,36010,8756,0
03-02-2021 12:00,36010,36298,35970,36255,8755,0
03-02-2021 13:00,36279,36639.6875,36279,36639.6875,8996,0
03-02-2021 14:00,36640,36643,36554,36643,8988,0
03-02-2021 15:00,36628,36979,36628,36979,9097,0
03-02-2021 16:00,36983,37231,36983,37231,8991,0
03-02-2021 17:00,37214,37214,37063,37190,8992,0
03-02-2021 18:00,37199,37199,37164,37164,9032,0
03-02-2021 19:00,37164,37164,36826,36826,8856,0
03-02-2021 20:00,36824,37075,36824,37075,8434,0
03-02-2021 21:00,37084,37280,37084,37280,8536,0
03-02-2021 22:00,37285,37385,37285,37295,8644,0
03-02-2021 23:00,37294,37677,37294,37677,8801,0
04-02-2021 00:00,37677,38078,37677,38078,9213,0
04-02-2021 01:00,38115,38185,37998,38185,9264,0
04-02-2021 02:00,38184,38184,37861,37925,9473,0
04-02-2021 03:00,37929,37929,37501,37501,9519,0
04-02-2021 04:00,37498,37715.83203,37498,37715.83203,9076,0
04-02-2021 05:00,37702,37702,37606,37606,8898,0
04-02-2021 06:00,37600.41016,38114.80078,37572,38114.80078,8688,0
04-02-2021 07:00,38116,38116,37861,37861,8734,0
04-02-2021 08:00,37860,37860,37315,37315,8914,1
04-02-2021 09:00,37381,37547,37381,37547,7030,0
04-02-2021 10:00,37571,37639,37543,37639,6727,0
04-02-2021 11:00,37647,37647,37394,37394,6749,0
04-02-2021 12:00,37351,37642,37351,37642,6581,0
04-02-2021 13:00,37634,37634,37511,37591,6209,0
04-02-2021 14:00,37591,37591,36850,36850,6318,0
04-02-2021 15:00,36850,36850,36521,36592,6456,1
04-02-2021 16:00,36583,36966,36583,36966,6555,0
04-02-2021 17:00,36957,37024,36908,36908,6522,0
04-02-2021 18:00,36902,37307,36902,37159,6530,0
04-02-2021 19:00,37175,37506,37175,37506,6576,0
04-02-2021 20:00,37497,37804,37497,37618.39453,6633,0
04-02-2021 21:00,37648,37648,37405,37644,6576,0
04-02-2021 22:00,37665,37665,37265,37265,6532,0
04-02-2021 23:00,37264,37328,36975,36975,6419,0
05-02-2021 00:00,36975,37190,36975,37029,5792,0
05-02-2021 01:00,37003,37003,36591,36591,5614,1
05-02-2021 02:00,36622,36985.57813,36622,36985.57813,5439,0
05-02-2021 03:00,36960,37352,36960,37352,5358,0
05-02-2021 04:00,37356,37356,37273,37273,5297,0
05-02-2021 05:00,37255,37264,37089.53125,37089.53125,5263,0
05-02-2021 06:00,37067,37391,37067,37385,5226,0
05-02-2021 07:00,37384,37707,37384,37707,5170,0
05-02-2021 08:00,37693,37726,37623,37726,4594,0
05-02-2021 09:00,37749,37749,37283,37283,4308,0
05-02-2021 10:00,37272.55859,37461,37272.55859,37461,4204,0
05-02-2021 11:00,37435,37729,37435,37729,4081,0
05-02-2021 12:00,37723,37960,37723,37960,4517,0
05-02-2021 13:00,37925,38353,37925,38353,4715,0
05-02-2021 14:00,38354,38354,38121,38121,4572,0
05-02-2021 15:00,38128,38128,37973,37973,4201,0
05-02-2021 16:00,37967,37967,37807,37807,4232,0
05-02-2021 17:00,37813.33984,37872,37813.33984,37872,4214,0
05-02-2021 18:00,37884,37884,37366,37366,4385,1
05-02-2021 19:00,37373,37613,37373,37613,4447,0
05-02-2021 20:00,37604.04297,37732,37604.04297,37732,4387,0
05-02-2021 21:00,37742,37814,37742,37814,4320,0
05-02-2021 22:00,37807,37807,37782,37782,4407,0
05-02-2021 23:00,37759,38260,37759,38260,4479,0
06-02-2021 00:00,38260,38762,38260,38762,4928,0
06-02-2021 01:00,38741,38805,38741,38805,5625,0
06-02-2021 02:00,38792,39420,38792,39420,6093,0
06-02-2021 03:00,39406,39422,39406,39412,6181,0
06-02-2021 04:00,39412,39412,39273,39273,6469,0
06-02-2021 05:00,39260,39260,39081,39081,6788,0
06-02-2021 06:00,39084,39428.39844,39084,39362,6833,0
06-02-2021 07:00,39337.73438,39440,39337.73438,39440,6799,0
06-02-2021 08:00,39407,39657,39407,39545,7199,0
06-02-2021 09:00,39546,39994,39546,39994,7760,0
06-02-2021 10:00,39996,40119,39996,40119,8430,0
06-02-2021 11:00,40120,40342,40120,40296,9523,0
06-02-2021 12:00,40311.16016,40332.98828,40063,40063,9312,0
06-02-2021 13:00,40047,40199,40047,40199,9200,0
06-02-2021 14:00,40217,40449,40217,40361,9435,0
06-02-2021 15:00,40371,40900,40371,40900,9660,0
06-02-2021 16:00,40919,40919,40666,40666,9550,0
06-02-2021 17:00,40665,40665,40300,40300,9701,0
06-02-2021 18:00,40263,40387,40263,40387,9815,0
06-02-2021 19:00,40369,40369,40227,40227,9658,0
06-02-2021 20:00,40243.82422,40243.82422,39865,40147.43359,9785,0
06-02-2021 21:00,40165,40178,40146,40146,9810,0
06-02-2021 22:00,40115,40115,40058,40058,9805,0
06-02-2021 23:00,40052.91406,40052.91406,39257,39257,10180,0
07-02-2021 00:00,39257,39578,39257,39578,10453,0
07-02-2021 01:00,39597,39597,38673,38673,9974,0
07-02-2021 02:00,38650,38804,38650,38804,9619,0
07-02-2021 03:00,38788,38856.05078,38788,38856.05078,9541,0
07-02-2021 04:00,38855,38855,38374,38374,9612,1
07-02-2021 05:00,38373,38617.20313,38253,38617.20313,9544,0
07-02-2021 06:00,38581,38593,38581,38593,9525,0
07-02-2021 07:00,38593.10547,39090,38593.10547,39090,9586,0
07-02-2021 08:00,39090,39489,39090,39489,9277,0
07-02-2021 09:00,39493,39566,39493,39566,8750,0
07-02-2021 10:00,39559,39559,39347.375,39347.375,8116,0
07-02-2021 11:00,39347.375,39347.375,39070,39070,7087,0
07-02-2021 12:00,39070,39070,38714,38825,7025,0
07-02-2021 13:00,38826,38826,38677,38677,7165,0
07-02-2021 14:00,38661,38661,38242,38242,7361,0
07-02-2021 15:00,38222.00781,38222.00781,37906,37906,8186,0
07-02-2021 16:00,37912,38215,37912,38215,8556,0
07-02-2021 17:00,38203,38203,37880,37880,8494,1
07-02-2021 18:00,37879,38324,37879,38290,8130,0
07-02-2021 19:00,38252,38252,38060,38060,8129,0
07-02-2021 20:00,38064,38453.04297,38061,38453.04297,8128,0
07-02-2021 21:00,38482.00391,38549,38482.00391,38549,8118,0
07-02-2021 22:00,38542,38804.72656,38542,38804.72656,8004,0
07-02-2021 23:00,38804,39000,38804,38841.01953,7627,0
08-02-2021 00:00,38841.01953,38841.01953,38756,38756,6957,0
08-02-2021 01:00,38749,38749,38559,38559,6702,0
08-02-2021 02:00,38552,38552,38230,38230,6974,0
08-02-2021 03:00,38239,38239,38031,38031,7090,1
08-02-2021 04:00,38051,38584,38051,38584,6884,0
08-02-2021 05:00,38586,38710,38586,38710,6691,0
08-02-2021 06:00,38701,39057,38701,39057,6657,0
08-02-2021 07:00,39056,39295,39025,39295,6678,0
08-02-2021 08:00,39314,39314,39187,39201.36719,6518,0
08-02-2021 09:00,39202.57031,39202.57031,38972,38972,6341,0
08-02-2021 10:00,38943,39436,38943,39436,6402,0
08-02-2021 11:00,39446,39446,39417,39419,6518,0
08-02-2021 12:00,39429,43177.51172,39429,43177.51172,10232,0
08-02-2021 13:00,43300.19531,43837,43161,43161,17057,0
08-02-2021 14:00,43178,43720,43178,43720,18399,0
08-02-2021 15:00,43729,43913,43729,43913,19102,0
08-02-2021 16:00,43945,43945,43239.26953,43239.26953,19863,0
08-02-2021 17:00,43175,43175,43124,43124,20447,0
08-02-2021 18:00,43140.44141,43140.44141,42720,42720,20793,1
08-02-2021 19:00,42740,43102,42740,43102,21088,0
08-02-2021 20:00,43068,44218,43068,44218,21834,0
08-02-2021 21:00,44238,44627,44068,44627,22344,0
08-02-2021 22:00,44711,44723,44672,44672,23041,0
08-02-2021 23:00,44738.54297,46440,44738.54297,46440,24787,0
09-02-2021 00:00,46440,46849,46440,46849,26688,0
09-02-2021 01:00,46850,46850,45955,46203,27086,0
09-02-2021 02:00,46211,46211,45743,45743,27036,0
09-02-2021 03:00,45751,46722,45751,46722,27843,0
09-02-2021 04:00,46709.57031,46948.37891,46709.57031,46948.37891,28174,0
09-02-2021 05:00,46965,47069,46965,47069,28732,0
09-02-2021 06:00,47036,48244,47036,48244,29690,0
09-02-2021 07:00,48276,48276,47692.32422,47692.32422,30019,0
09-02-2021 08:00,47728,48004,47235,47235,30866,0
09-02-2021 09:00,47279,47279,46507,46547,31699,0
09-02-2021 10:00,46530,46530,45700,45700,32106,0
09-02-2021 11:00,45686,46473.625,45686,46473.625,32243,0
09-02-2021 12:00,46472,46472,45360,45360,28617,1
09-02-2021 13:00,45347,46318,45347,46318,21858,0
09-02-2021 14:00,46333,46644,46233.92188,46644,20215,0
09-02-2021 15:00,46675,46827,46675,46827,18565,0
09-02-2021 16:00,46833,47035.13281,46536,46536,17476,0
09-02-2021 17:00,46529.55078,46542,46411,46542,17096,0
09-02-2021 18:00,46541,47168,46541,47168,18745,0
09-02-2021 19:00,47128,47260,47118,47118,18584,0
09-02-2021 20:00,47119,47334,47119,47249,17984,0
09-02-2021 21:00,47200,47370,47200,47370,17790,0
09-02-2021 22:00,47333,47333,46613.16797,46889,17348,0
09-02-2021 23:00,46885,46885,46460.05469,46486,15902,0
10-02-2021 00:00,46486,46589,46486,46589,14213,0
10-02-2021 01:00,46573,46573,46296,46296,14125,0
10-02-2021 02:00,46281,46428,46281,46323,14104,0
10-02-2021 03:00,46314,46314,46240,46240,13335,0
10-02-2021 04:00,46237,46237,45744,46019,13161,1
10-02-2021 05:00,46023.22656,46267,46023.22656,46147,12635,0
10-02-2021 06:00,46146,46533,46146,46533,11832,0
10-02-2021 07:00,46524,46640,46524,46640,11532,0
10-02-2021 08:00,46630,46729,46630,46729,10811,0
10-02-2021 09:00,46729,46729,46571,46571,10172,0
10-02-2021 10:00,46570,47056.04297,46570,46660,10367,0
10-02-2021 11:00,46673,46673,46628,46628,10175,0
10-02-2021 12:00,46635,46635,45783,45783,11275,0
10-02-2021 13:00,45749,45749,45633,45633,11349,0
10-02-2021 14:00,45631,45631,44965,44965,11546,0
10-02-2021 15:00,45002,45002,44377.74609,44377.74609,12323,1
10-02-2021 16:00,44355,44787,44355,44787,12644,0
10-02-2021 17:00,44767,45026,44767,45026,12725,0
10-02-2021 18:00,45022,45116,45022,45116,10954,0
10-02-2021 19:00,45077,45234,45077,45234,10981,0
10-02-2021 20:00,45234,45234,44525,44525,10777,0
10-02-2021 21:00,44613,45040,44541,45040,10591,0
10-02-2021 22:00,45014,45258,45014,45234,10379,0
10-02-2021 23:00,45220,45220,44835,44835,10019,0
11-02-2021 00:00,44835,44835,44267,44267,10189,0
11-02-2021 01:00,44230,44444,44223,44223,9948,1
11-02-2021 02:00,44211,44777,44211,44777,9615,0
11-02-2021 03:00,44787,45435,44787,45435,9552,0
11-02-2021 04:00,45458,45458,44690,44745,9513,0
11-02-2021 05:00,44732,44732,44679,44679,9510,0
11-02-2021 06:00,44679,44773,44584,44584,9323,0
11-02-2021 07:00,44583,44809,44583,44699,9296,0
11-02-2021 08:00,44720,45046,44720,45046,9283,0
11-02-2021 09:00,45066,45539,44951,45539,9155,0
11-02-2021 10:00,45526,46323,45526,46323,8826,0
11-02-2021 11:00,46270,46270,46047,46047,8957,0
11-02-2021 12:00,46066,46536,46066,46536,7933,0
11-02-2021 13:00,46548,47545,46548,47545,9381,0
11-02-2021 14:00,47533,47942,47533,47942,9488,0
11-02-2021 15:00,47935,48030,47935,48030,8825,0
11-02-2021 16:00,48080,48080,47700,47700,8610,0
11-02-2021 17:00,47643,47670.20703,47430,47430,8645,0
11-02-2021 18:00,47413,47879.26563,47413,47713,8695,0
11-02-2021 19:00,47713,47801,47713,47801,8911,0
11-02-2021 20:00,47791,47839,47066,47066,9745,0
11-02-2021 21:00,47030,47030,46901,46901,10087,1
11-02-2021 22:00,46900,47689,46900,47689,10182,0
11-02-2021 23:00,47733,47966,47733,47966,10296,0
12-02-2021 00:00,47966,48540,47966,47967,10495,0
12-02-2021 01:00,47973,48525,47973,48525,10936,0
12-02-2021 02:00,48543,48543,47951,47951,11202,0
12-02-2021 03:00,47960,47960,47422,47591,11269,0
12-02-2021 04:00,47590,47590,47329,47329,11391,0
12-02-2021 05:00,47274,47423,47274,47290,11472,0
12-02-2021 06:00,47261,47468,47261,47366,11776,0
12-02-2021 07:00,47364,47364,47342.1875,47342.1875,11792,0
12-02-2021 08:00,47327,47327,47159,47159,11872,0
12-02-2021 09:00,47128,47389,47128,47389,11935,0
12-02-2021 10:00,47380,47389,47380,47389,11609,0
12-02-2021 11:00,47390,47662,47390,47662,11530,0
12-02-2021 12:00,47661,47796,47661,47761,11227,0
12-02-2021 13:00,47761,47926,47761,47926,9623,0
12-02-2021 14:00,47935.89063,47935.89063,46443,46443,12240,1
12-02-2021 15:00,46454.96875,47072,46454.96875,47039,12463,0
12-02-2021 16:00,47026,47618,47026,47618,12707,0
12-02-2021 17:00,47621,47753,47621,47753,12444,0
12-02-2021 18:00,47753,47753,47158,47270,12448,0
12-02-2021 19:00,47272,47288,47272,47288,12026,0
12-02-2021 20:00,47290,47647,47290,47647,11131,0
12-02-2021 21:00,47627,47909,47627,47909,10824,0
12-02-2021 22:00,47909,47909,47907,47907,10733,0
12-02-2021 23:00,47908,47908,47389,47389,10788,0
13-02-2021 00:00,47389,47500,47389,47500,10305,0
13-02-2021 01:00,47523,47712,47523,47712,9854,0
13-02-2021 02:00,47739,47946,47644,47946,9852,0
13-02-2021 03:00,47945.08984,47945.08984,47939,47940,9908,0
13-02-2021 04:00,47960,47993.57031,47960,47993.57031,9566,0
13-02-2021 05:00,47993,47993,47586,47965,9503,0
13-02-2021 06:00,47990.96484,47990.96484,47825,47825,9201,0
13-02-2021 07:00,47812,47833,47120,47120,9146,0
13-02-2021 08:00,47059,47460,47059,47460,9163,0
13-02-2021 09:00,47472,47472,47262,47262,9037,0
13-02-2021 10:00,47242,47242,46752,46752,9085,0
13-02-2021 11:00,46731,46847,46600,46600,9691,1
13-02-2021 12:00,46534,46902,46534,46902,9953,0
13-02-2021 13:00,46851,46975.44922,46582,46975.44922,9753,0
13-02-2021 14:00,46975.44922,46975.44922,46800,46964,6662,0
13-02-2021 15:00,46963,47155,46963,47155,6258,0
13-02-2021 16:00,47132,47174,47041,47174,5739,0
13-02-2021 17:00,47166,47166,46865.15234,46865.15234,5676,0
13-02-2021 18:00,46853,46853,46761,46761,5403,1
13-02-2021 19:00,46786,46886,46786,46837,5443,0
13-02-2021 20:00,46847,46900,46743,46900,5527,0
13-02-2021 21:00,46899,47133,46899,47133,5552,0
13-02-2021 22:00,47133,47188,47089,47089,5451,0
13-02-2021 23:00,47101,47177,47101,47177,5225,0
14-02-2021 00:00,47177,47618,47177,47618,5330,0
14-02-2021 01:00,47624,47624,47489,47489,5402,0
14-02-2021 02:00,47536,47536,47422.69531,47422.69531,5167,0
14-02-2021 03:00,47423,47423,47264,47264,4910,0
14-02-2021 04:00,47313,47546,47313,47546,4880,0
14-02-2021 05:00,47571.77734,48867.46094,47571.77734,48867.46094,5533,0
14-02-2021 06:00,48956,48956,48780,48780,6541,0
14-02-2021 07:00,48800,48800,48727,48780.19141,6640,0
14-02-2021 08:00,48802,48802,48701,48711,6510,1
14-02-2021 09:00,48739,49156,48739,49156,6702,0
14-02-2021 10:00,49155,49193,49029,49029,6872,0
14-02-2021 11:00,49078,49120,49078,49101,6195,0
14-02-2021 12:00,49100,49478,49100,49478,6303,0
14-02-2021 13:00,49441,49441,48772,48772,6822,0
14-02-2021 14:00,48778,48820,48763.22266,48763.22266,6955,0
14-02-2021 15:00,48764,48764,48530,48530,7221,1
14-02-2021 16:00,48526,48986,48526,48986,7202,0
14-02-2021 17:00,48990,48990,48608,48608,7157,0
14-02-2021 18:00,48605,48665,48605,48665,7168,0
14-02-2021 19:00,48698,48698,48488,48654,7171,0
14-02-2021 20:00,48654,48890,48654,48890,7139,0
14-02-2021 21:00,48882,48882,48820,48832.15234,6972,0
14-02-2021 22:00,48810,49162,48810,49081,7122,0
14-02-2021 23:00,49075,49075,48587,48587,7337,0
15-02-2021 00:00,48587,48747,48587,48747,7140,0
15-02-2021 01:00,48721,48721,47957,47957,7831,0
15-02-2021 02:00,47954,47954,46841,46841,10147,0
15-02-2021 03:00,46776,47036,46776,47036,10882,0
15-02-2021 04:00,47036,47036,46563,46821,11402,0
15-02-2021 05:00,46777,46777,46745,46745,10967,1
15-02-2021 06:00,46703,46906,46703,46859.42578,10069,0
15-02-2021 07:00,46842.83984,47249,46842.83984,47229,10270,0
15-02-2021 08:00,47240,47553,47240,47553,10326,0
15-02-2021 09:00,47551,47589,47440,47440,10282,0
15-02-2021 10:00,47447.45313,47775,47447.45313,47775,10154,0
15-02-2021 11:00,47788,47788,47748,47748,10137,0
15-02-2021 12:00,47789,47945,47566,47945,9796,0
15-02-2021 13:00,47944.28125,48000,47944.28125,47981,9488,0
15-02-2021 14:00,47989,47989,47535,47535,9431,1
15-02-2021 15:00,47554,47990,47554,47975,9066,0
15-02-2021 16:00,47976,48499,47976,48499,9295,0
15-02-2021 17:00,48504,48678.73047,48504,48529.84766,9496,0
15-02-2021 18:00,48558,48558,48386,48386,9564,0
15-02-2021 19:00,48328,48654,48328,48654,9568,0
15-02-2021 20:00,48661,48661,48579,48579,9521,0
15-02-2021 21:00,48585,48585,48157,48157,9705,0
15-02-2021 22:00,48178,48313,47999,48313,9870,0
15-02-2021 23:00,48268,48288,47941,47941,9880,0
16-02-2021 00:00,47941,47941,47640.66406,47640.66406,10212,1
16-02-2021 01:00,47700,48276,47643,48276,9544,0
16-02-2021 02:00,48276,48497,48276,48497,7411,0
16-02-2021 03:00,48481,49623,48481,49623,8269,0
16-02-2021 04:00,49650,49650,49422,49422,8778,0
16-02-2021 05:00,49423,49423,49176,49176,8743,0
16-02-2021 06:00,49200,49200,49027,49027,8696,0
16-02-2021 07:00,49054.10547,49200,49007,49200,8398,0
16-02-2021 08:00,49200,49301,49102,49301,8290,0
16-02-2021 09:00,49306.06641,49311,49306.06641,49311,8316,0
16-02-2021 10:00,49320,49320,49040,49040,8509,0
16-02-2021 11:00,49040,49040,48875,48925,8451,0
16-02-2021 12:00,48908,49626,48908,49626,11408,0
16-02-2021 13:00,49590,49590,48870,48870,11693,0
16-02-2021 14:00,48950,49299.14453,48816,49299.14453,12047,0
16-02-2021 15:00,49293,49293,48948,48948,12184,0
16-02-2021 16:00,48970,48970,48123.14844,48123.14844,12621,1
16-02-2021 17:00,48114,48365.32422,48114,48214,12959,0
16-02-2021 18:00,48194,48628,48194,48628,13334,0
16-02-2021 19:00,48625,48625,48547,48547,13312,0
16-02-2021 20:00,48525,48714,48274,48714,13365,0
16-02-2021 21:00,48749,48749,48550,48550,13192,0
16-02-2021 22:00,48544,49167,48544,49167,13108,0
16-02-2021 23:00,49161,49225,49157,49225,13040,0
17-02-2021 00:00,49225,49318,49079,49079,12764,0
17-02-2021 01:00,49073,49308,49073,49308,12626,0
17-02-2021 02:00,49301,50215,49301,49690,12920,0
17-02-2021 03:00,49689,49689,49644,49686,11473,0
17-02-2021 04:00,49680,49680,49353,49353,10500,0
17-02-2021 05:00,49353,49700,49328,49700,10287,0
17-02-2021 06:00,49701,50664,49701,50664,10805,0
17-02-2021 07:00,50695,51265,50695,51265,11942,0
17-02-2021 08:00,51288,51288,51025,51096,12499,0
17-02-2021 09:00,51119,51560,51119,51560,12738,0
17-02-2021 10:00,51556,51647,51308,51308,12679,0
17-02-2021 11:00,51309,51338,51309,51338,12819,0
17-02-2021 12:00,51318,51369,51123,51123,10063,1
17-02-2021 13:00,51131,51217,50739,51217,9883,0
17-02-2021 14:00,51215,51310,51215,51310,9528,0
17-02-2021 15:00,51299.33984,51639,51192,51192,9530,0
17-02-2021 16:00,51235,51267,51098,51267,8895,0
17-02-2021 17:00,51268,51370,51268,51370,8462,0
17-02-2021 18:00,51388,51481,51388,51445,8077,0
17-02-2021 19:00,51454,52128,51454,52128,8622,0
17-02-2021 20:00,52130,52262,52130,52262,8972,0
17-02-2021 21:00,52261,52376,52261,52376,9147,0
17-02-2021 22:00,52376,52376,52096,52096,9140,0
17-02-2021 23:00,52070,52070,52060,52060,9210,0
18-02-2021 00:00,52060,52433,52060,52308,9275,0
18-02-2021 01:00,52310,52310,52182,52182,9376,0
18-02-2021 02:00,52181,52359.76172,52181,52359.76172,8897,0
18-02-2021 03:00,52359,52359,51990.60156,51990.60156,8901,0
18-02-2021 04:00,52004.70703,52186,52004.70703,52186,9252,0
18-02-2021 05:00,52182,52225,52182,52225,9357,0
18-02-2021 06:00,52226,52226,51972,51972,8761,0
18-02-2021 07:00,51973,51973,51502,51950,7782,0
18-02-2021 08:00,51958,51958,51718,51718,7353,0
18-02-2021 09:00,51706,51761,51619,51761,6964,0
18-02-2021 10:00,51772,51905,51660.25,51660.25,6780,0
18-02-2021 11:00,51658.85547,51658.85547,51356.91406,51365,6875,1
18-02-2021 12:00,51401,51472,51401,51472,6808,0
18-02-2021 13:00,51481,51861.16016,51481,51861.16016,6559,0
18-02-2021 14:00,51861,52318,51861,52318,6663,0
18-02-2021 15:00,52313,52313,51611,51611,6923,0
18-02-2021 16:00,51637,52104,51637,52104,7113,0
18-02-2021 17:00,52107,52107,51840,51873,7085,0
18-02-2021 18:00,51857,51872,51857,51872,7066,0
18-02-2021 19:00,51872,51904,51776,51776,6550,0
18-02-2021 20:00,51771,52104,51771,52104,6306,0
18-02-2021 21:00,52104,52104,52040,52040,6147,0
18-02-2021 22:00,52040,52040,51858,51858,5981,0
18-02-2021 23:00,51841,51841,51566,51566,5869,0
19-02-2021 00:00,51566,51605,51482,51482,5838,0
19-02-2021 01:00,51488,51497,51284,51284,5991,0
19-02-2021 02:00,51266,51266,51227,51227,6653,0
19-02-2021 03:00,51200,51272,51200,51209,6547,0
19-02-2021 04:00,51209,51209,51079,51119,6153,1
19-02-2021 05:00,51122.11719,51520,51122.11719,51520,6023,0
19-02-2021 06:00,51520,51693,51520,51693,6067,0
19-02-2021 07:00,51720,51720,51696,51700,5875,0
19-02-2021 08:00,51709,52243,51709,52243,5933,0
19-02-2021 09:00,52228,52776,52228,52722,7348,0
19-02-2021 10:00,52722.25391,52871,52722.25391,52728,7369,0
19-02-2021 11:00,52738,52738,52709,52709,7172,0
19-02-2021 12:00,52739,52766,52586,52586,7132,0
19-02-2021 13:00,52611,52799.22656,52611,52799.22656,7346,0
19-02-2021 14:00,52800,52948,52800,52948,7584,0
19-02-2021 15:00,52929,53887,52929,53887,7742,0
19-02-2021 16:00,53888,54590,53888,54364,8574,0
19-02-2021 17:00,54336,54740,54336,54740,8688,0
19-02-2021 18:00,54750,55257,54600,55257,9478,0
19-02-2021 19:00,55292,55292,54579.96875,54976,10207,0
19-02-2021 20:00,54968.16797,55274,54968.16797,55274,10580,0
19-02-2021 21:00,55255,56093,55255,55539.60547,11395,0
19-02-2021 22:00,55564,55564,55406,55406,11683,0
19-02-2021 23:00,55405,55847,55405,55847,11804,0
20-02-2021 00:00,55847,56139,55260,56139,12513,0
20-02-2021 01:00,56142,56150,56105,56150,12444,0
20-02-2021 02:00,56083.84375,56083.84375,56069,56069,11902,0
20-02-2021 03:00,56061.41797,56061.41797,55625,55625,12397,0
20-02-2021 04:00,55643,55953,55643,55796,12787,0
20-02-2021 05:00,55786,55786,55612,55612,12917,0
20-02-2021 06:00,55631,55919,55631,55919,12930,0
20-02-2021 07:00,55918,55918,55183,55183,13089,1
20-02-2021 08:00,55180,55232,55180,55232,12870,0
20-02-2021 09:00,55231,55276,55182,55276,11447,0
20-02-2021 10:00,55256,55949,55256,55949,11443,0
20-02-2021 11:00,55927,56325,55927,56325,11623,0
20-02-2021 12:00,56300,57258.70703,56300,57258.70703,12172,0
20-02-2021 13:00,57257,57352,57242,57242,12128,0
20-02-2021 14:00,57242,57242,56269,56269,12321,0
20-02-2021 15:00,56265,56712,56023,56023,12521,0
20-02-2021 16:00,56110.30078,56658,56110.30078,56658,11694,0
20-02-2021 17:00,56700,56997,56700,56997,12019,0
20-02-2021 18:00,56997,57031,56997,57010,11322,0
20-02-2021 19:00,57016,57016,56940,56940,10764,0
20-02-2021 20:00,56902,56902,56691,56691,10393,0
20-02-2021 21:00,56706,56706,56510,56510,9920,0
20-02-2021 22:00,56488,56488,55291,55353,11455,1
20-02-2021 23:00,55389,55838,55389,55838,11634,0
21-02-2021 00:00,55838,55838,55639,55761,10973,0
21-02-2021 01:00,55760,56284,55760,56284,10985,0
21-02-2021 02:00,56307,56307,56305,56305,11065,0
21-02-2021 03:00,56301,56489,56301,56489,10757,0
21-02-2021 04:00,56492,56650,56492,56650,10409,0
21-02-2021 05:00,56656,56656,56533,56533,10364,0
21-02-2021 06:00,56512,56512,56437,56437,10300,0
21-02-2021 07:00,56464,56464,56000,56000,10225,0
21-02-2021 08:00,56045,56431,56045,56431,10261,0
21-02-2021 09:00,56421,56756,56421,56756,10259,0
21-02-2021 10:00,56700,57560,56700,57560,10884,0
21-02-2021 11:00,57579,57579,57300,57300,10744,0
21-02-2021 12:00,57321,57321,56929,56929,10266,0
21-02-2021 13:00,56934,57201,56934,57201,10029,0
21-02-2021 14:00,57201,57430,57070,57430,9538,0
21-02-2021 15:00,57429,57429,57333,57333,8840,0
21-02-2021 16:00,57376.92188,57746,57376.92188,57746,8672,0
21-02-2021 17:00,57748,57748,57517,57517,8236,0
21-02-2021 18:00,57518,58174.84766,57518,58174.84766,8482,0
21-02-2021 19:00,58175,58175,58100,58100,8519,0
21-02-2021 20:00,58099.71484,58238,57694.05469,57694.05469,8711,0
21-02-2021 21:00,57696,57696,57298,57298,8619,0
21-02-2021 22:00,57298,57298,57275,57275,7018,0
21-02-2021 23:00,57174,57376,57174,57376,6687,0
22-02-2021 00:00,57376,57376,56174,56174,6946,0
22-02-2021 01:00,56149.85938,56730,56149.85938,56730,7177,0
22-02-2021 02:00,56720,56863.08594,56592,56863.08594,7466,0
22-02-2021 03:00,56811.05078,56811.05078,55766,55766,7587,0
22-02-2021 04:00,55744,55744,55732,55732,8628,0
22-02-2021 05:00,55728,56011,55728,55771.24609,8941,0
22-02-2021 06:00,55886,56244,55886,56013,9031,0
22-02-2021 07:00,56011,56464,56011,56464,9019,0
22-02-2021 08:00,56428.14844,56428.14844,55420,55420,9209,0
22-02-2021 09:00,55418,55418,54551.1875,54551.1875,9961,0
22-02-2021 10:00,54618.25781,54788,54618.25781,54788,10271,0
22-02-2021 11:00,54832,54906,54561,54561,10576,0
22-02-2021 12:00,54614,54614,53469.14063,53818,12394,0
22-02-2021 13:00,53806,53806,52222,52222,14932,0
22-02-2021 14:00,52214,53383,48383,53383,22800,0
22-02-2021 15:00,53323,53586,53173,53173,24136,0
22-02-2021 16:00,53214,53214,53135,53135,24724,0
22-02-2021 17:00,53171,53171,52149,52149,25480,1
22-02-2021 18:00,52107,53241,52107,53241,25974,0
22-02-2021 19:00,53242,53614,53242,53614,26146,0
22-02-2021 20:00,53609,54274,53609,53779,26292,0
22-02-2021 21:00,53784,54849,53784,54849,26493,0
22-02-2021 22:00,54850,54850,54075,54075,26899,0
22-02-2021 23:00,54087,54087,53310,54078,27308,0
23-02-2021 00:00,54078,54078,53375,53375,27179,0
23-02-2021 01:00,53380,53380,52417.27734,52417.27734,27151,0
23-02-2021 02:00,52487,52487,51113,51113,27445,0
23-02-2021 03:00,51133,52033,51133,51847,27548,0
23-02-2021 04:00,51800,51800,50533.09766,50533.09766,27937,0
23-02-2021 05:00,50608,50608,49103,49898,31135,0
23-02-2021 06:00,49704,49996.22656,49501,49501,31885,0
23-02-2021 07:00,49401,49581,49401,49581,32126,0
23-02-2021 08:00,49538,49538,46582,46582,34660,0
23-02-2021 09:00,46554,48447,46554,48021,37804,0
23-02-2021 10:00,48005,48005,47422,47422,37924,0
23-02-2021 11:00,47415,47415,46389,46389,40130,1
23-02-2021 12:00,46227,48674,46227,48674,40902,0
23-02-2021 13:00,48785,48785,48770,48770,39526,0
23-02-2021 14:00,48748,48807.95313,46962,46962,32903,0
23-02-2021 15:00,46966,48573.80859,46966,48573.80859,32620,0
23-02-2021 16:00,48598,48598,47317,47317,32576,0
23-02-2021 17:00,47350,47573.91797,47124,47124,32372,0
23-02-2021 18:00,47140,47458,46832,46832,31870,0
23-02-2021 19:00,46796.96875,46796.96875,45674,45674,32472,1
23-02-2021 20:00,45576,47813,45343.53125,47813,33143,0
23-02-2021 21:00,47864,47943,47864,47943,33282,0
23-02-2021 22:00,47985,48631,47985,48631,32933,0
23-02-2021 23:00,48566,48888,48566,48888,32593,0
24-02-2021 00:00,48888,48888,47179.03125,48463,32816,0
24-02-2021 01:00,48511,50158,48511,50158,33213,0
24-02-2021 02:00,50172,50215,50172,50215,33096,0
24-02-2021 03:00,50171,50902,50171,50902,33057,0
24-02-2021 04:00,50953,50953,50634.09375,50634.09375,32012,0
24-02-2021 05:00,50650,50650,50152.91406,50152.91406,28854,0
24-02-2021 06:00,50179.47266,50179.47266,49876,50039,28846,0
24-02-2021 07:00,50035,50084,50035,50084,28656,0
24-02-2021 08:00,50051,50600.16797,50051,50600.16797,26551,0
24-02-2021 09:00,50610,50809,50610,50809,23277,0
24-02-2021 10:00,50809,50809,50057,50057,22655,0
24-02-2021 11:00,50061,50326,50061,50326,20147,0
24-02-2021 12:00,50324,51043,50324,50703,17735,0
24-02-2021 13:00,50732,50732,49460,49460,17340,0
24-02-2021 14:00,49480,49674,49443.60938,49443.60938,16321,0
24-02-2021 15:00,49410,49840,49249.25391,49840,15655,0
24-02-2021 16:00,49840,49840,49311,49311,15158,0
24-02-2021 17:00,49337.85156,50060,49337.85156,50060,14642,0
24-02-2021 18:00,50076,50076,49600,49600,14229,0
24-02-2021 19:00,49609,49609,48986.82031,48986.82031,13391,0
24-02-2021 20:00,49000,49196,49000,49142,12367,0
24-02-2021 21:00,49133,49133,48491,48800,11982,1
24-02-2021 22:00,48749.12109,48884,48749.12109,48884,11856,0
24-02-2021 23:00,48880,49715,48880,49715,12002,0
25-02-2021 00:00,49715,50546,49715,50546,11801,0
25-02-2021 01:00,50511,50511,50505,50505,11077,0
25-02-2021 02:00,50509,50750,50509,50658,10415,0
25-02-2021 03:00,50664,50664,50226,50253,10057,0
25-02-2021 04:00,50235,50235,49621,49621,9941,0
25-02-2021 05:00,49665,50435,49665,50435,9603,0
25-02-2021 06:00,50459,50511,50400,50511,8849,0
25-02-2021 07:00,50498,50498,50457,50457,8644,0
25-02-2021 08:00,50436,50436,49708,49708,8113,0
25-02-2021 09:00,49695,49695,49021,49021,7817,1
25-02-2021 10:00,49022,49600,49022,49600,7578,0
25-02-2021 11:00,49660,50320,49660,50320,7666,0
25-02-2021 12:00,50407,51610,50407,51610,7904,0
25-02-2021 13:00,51641,51641,51340.86719,51340.86719,7860,0
25-02-2021 14:00,51373,51511,50851,50851,7879,0
25-02-2021 15:00,50804.04688,50892.94141,50804.04688,50859,7447,0
25-02-2021 16:00,50857,50857,50625,50625,7367,0
25-02-2021 17:00,50625,50625,49489,49489,8076,0
25-02-2021 18:00,49500,49613,49500,49567,8385,0
25-02-2021 19:00,49545,49545,49507.95703,49507.95703,8333,0
25-02-2021 20:00,49481,49481,49217,49217,8834,0
25-02-2021 21:00,49159.13281,49159.13281,48214,48214,8790,0
25-02-2021 22:00,48089,48220,48089,48220,9193,0
25-02-2021 23:00,48161,48161,47144,47144,9549,0
26-02-2021 00:00,47144,47144,46108,46723.47656,10705,0
26-02-2021 01:00,46823,46823,46485,46485,11864,0
26-02-2021 02:00,46477,47281,46477,47281,12639,0
26-02-2021 03:00,47270,47270,47005,47249,13409,0
26-02-2021 04:00,47263,47263,46900,46900,13676,0
26-02-2021 05:00,47097,47097,45457,45457,14931,0
26-02-2021 06:00,45435,45993.64063,45435,45963,15860,0
26-02-2021 07:00,45988,45988,44552,44552,18719,1
26-02-2021 08:00,44853,45630.14063,44853,45630.14063,19415,0
26-02-2021 09:00,45634.71875,46361,45634.71875,46361,19905,0
26-02-2021 10:00,46303,46640,46303,46640,19966,0
26-02-2021 11:00,46610,46610,46289,46289,20516,0
26-02-2021 12:00,46344,46814,46344,46747,20631,0
26-02-2021 13:00,46760,46760,45881,45881,20582,0
26-02-2021 14:00,45768,46817,45768,46817,20969,0
26-02-2021 15:00,46806,47600,46806,47600,22046,0
26-02-2021 16:00,47606.87891,48055,47606.87891,48055,22365,0
26-02-2021 17:00,48138.80859,48250,47557,47557,22639,0
26-02-2021 18:00,47582,47582,47259,47259,22676,0
26-02-2021 19:00,47282.54688,47282.54688,46906,46906,22811,0
26-02-2021 20:00,46932,46932,46247,46247,22494,0
26-02-2021 21:00,46205,46620,45679,45679,22627,0
26-02-2021 22:00,45673,45673,45520,45520,22600,1
26-02-2021 23:00,45512,46319,45512,46319,22325,0
27-02-2021 00:00,46319,47543,46319,47543,21079,0
27-02-2021 01:00,47520,47743,47520,47743,20113,0
27-02-2021 02:00,47790,47790,47351,47351,19648,0
27-02-2021 03:00,47371,47721.02734,47371,47456,18927,0
27-02-2021 04:00,47416,47673,47416,47673,18414,0
27-02-2021 05:00,47661,47775,47581,47775,17114,0
27-02-2021 06:00,47775,47775,47562.15234,47562.15234,16254,0
27-02-2021 07:00,47532,47532,47133,47133,13658,0
27-02-2021 08:00,47159,47161,46621,46621,13130,0
27-02-2021 09:00,46611,46638,46611,46637,12471,0
27-02-2021 10:00,46662.30469,46837,46662.30469,46797,12396,0
27-02-2021 11:00,46795,47293,46795,47293,11888,0
27-02-2021 12:00,47268,47391.46094,46936,47391.46094,11215,0
27-02-2021 13:00,47468,47501,47456,47456,10573,0
27-02-2021 14:00,47453,47453,47100,47100,9911,0
27-02-2021 15:00,47091,47141,46577,46577,9031,0
27-02-2021 16:00,46570.55859,46919,46570.55859,46919,8736,0
27-02-2021 17:00,46912,47085,46912,47085,7846,0
27-02-2021 18:00,47084,47134,46984,47134,7638,0
27-02-2021 19:00,47134,47459,47134,47459,7400,0
27-02-2021 20:00,47455,47455,47090,47090,7269,0
27-02-2021 21:00,47131.91016,47182.61328,46860,46860,7175,0
27-02-2021 22:00,46885,46885,45880,45880,7042,0
27-02-2021 23:00,45899,46217,45899,46217,7603,0
28-02-2021 00:00,46217,46462,46217,46462,7832,0
28-02-2021 01:00,46461,46512,46354,46512,7646,0
28-02-2021 02:00,46523,46523,45463,45463,7770,0
28-02-2021 03:00,45484,45484,44723.48828,44723.48828,8260,0
28-02-2021 04:00,44669.19922,45021,44479,44479,8604,1
28-02-2021 05:00,44491,44886,44491,44886,8889,0
28-02-2021 06:00,44902,44902,44267,44483,9785,0
28-02-2021 07:00,44428,44545,44385,44545,9714,0
28-02-2021 08:00,44512.64453,44974,44512.64453,44974,9688,0
28-02-2021 09:00,44971,45334,44971,45189,9731,0
28-02-2021 10:00,45167,45302,45167,45290,9641,0
28-02-2021 11:00,45297,45364.85547,45297,45364.85547,9451,0
28-02-2021 12:00,45366,45517,44862,44862,9487,0
28-02-2021 13:00,44888,44888,44293,44293,9674,0
28-02-2021 14:00,44289,44699,44289,44699,10438,0
28-02-2021 15:00,44712,44712,43532,43532,11330,0
28-02-2021 16:00,43500,43674,43500,43674,12433,0
28-02-2021 17:00,43655.14453,43655.14453,43246,43246,12555,1
28-02-2021 18:00,43219,43802,43219,43802,12635,0
28-02-2021 19:00,43801.21484,44550,43801.21484,44550,13972,0
28-02-2021 20:00,44562,45030,44562,45030,14152,0
28-02-2021 21:00,45016.72266,45278,45016.72266,45278,14323,0
28-02-2021 22:00,45286,45300,45269.71484,45300,13940,0
28-02-2021 23:00,45303,45303,45300,45300,13542,0
01-03-2021 00:00,45300,46362,45300,46362,13679,0
01-03-2021 01:00,46372,46372,46253,46255,13781,0
01-03-2021 02:00,46286,46605.02734,46286,46605.02734,13618,0
01-03-2021 03:00,46579,46579,46440,46440,13061,0
01-03-2021 04:00,46462,46591,46190,46591,12700,0
01-03-2021 05:00,46597,46597,46219,46331,12497,0
01-03-2021 06:00,46331,46331,45986,45986,11574,1
01-03-2021 07:00,45986,46393,45986,46393,11465,0
01-03-2021 08:00,46393,47320.20313,46393,47161,11695,0
01-03-2021 09:00,47152.47266,47479,47152.47266,47479,11899,0
01-03-2021 10:00,47482,47733,47446,47733,12012,0
01-03-2021 11:00,47730,47884,47730,47884,12218,0
01-03-2021 12:00,47818,48010,47818,47974,12280,0
01-03-2021 13:00,47991,47991,47864,47864,12423,0
01-03-2021 14:00,47864,48222,47864,48161,12022,0
01-03-2021 15:00,48127.30859,49188,48127.30859,49188,11799,0
01-03-2021 16:00,49256,49256,49130,49130,11266,0
01-03-2021 17:00,49117,49117,48567,48567,11238,0
01-03-2021 18:00,48588.51563,48588.51563,48535,48537,11193,0
01-03-2021 19:00,48537,48537,48296,48296,9971,0
01-03-2021 20:00,48299,48590,48299,48590,9819,0
01-03-2021 21:00,48573,48839,48573,48839,9433,0
01-03-2021 22:00,48838,49144,48838,49144,9514,0
01-03-2021 23:00,49125,49572,49125,49572,9420,0
02-03-2021 00:00,49572,49572,49369,49369,10600,0
02-03-2021 01:00,49332.48828,49390,49332.48828,49390,10689,0
02-03-2021 02:00,49377.23828,49377.23828,49251,49251,10534,0
02-03-2021 03:00,49291,49291,48968,48968,10555,0
02-03-2021 04:00,48966,49143,48966,49143,10612,0
02-03-2021 05:00,49117,49117,48706,48706,10747,0
02-03-2021 06:00,48700,48700,48611,48635.60156,10977,0
02-03-2021 07:00,48640,48640,48384,48384,11009,1
02-03-2021 08:00,48403,48893,48403,48893,10622,0
02-03-2021 09:00,48907,49201.47656,48907,49201.47656,10232,0
02-03-2021 10:00,49167.84375,49167.84375,48700,48700,9991,0
02-03-2021 11:00,48734,48845.58984,48734,48844,9692,0
02-03-2021 12:00,48889,48889,48888,48888,9503,0
02-03-2021 13:00,48882,49048,48882,49048,9171,0
02-03-2021 14:00,49089,49383,48932,48932,9079,0
02-03-2021 15:00,48933,48933,48593,48660,8312,0
02-03-2021 16:00,48698.62891,48698.62891,47546,47546,8355,0
02-03-2021 17:00,47527,47914,47527,47914,8687,0
02-03-2021 18:00,47917,47917,47745,47745,8778,0
02-03-2021 19:00,47735,47735,47486,47486,8856,1
02-03-2021 20:00,47505,47617,47505,47591,8861,0
02-03-2021 21:00,47591,47591,47453.63281,47487,8871,0
02-03-2021 22:00,47487.17188,47855,47487.17188,47855,8715,0
02-03-2021 23:00,47850,48526,47850,48526,8374,0
03-03-2021 00:00,48526,48733,48526,48598,6730,0
03-03-2021 01:00,48603,48892,48603,48892,6467,0
03-03-2021 02:00,48891,48891,48669,48669,6320,0
03-03-2021 03:00,48657,48738.25,48630,48738.25,6221,0
03-03-2021 04:00,48749,49180,48749,49180,6212,0
03-03-2021 05:00,49158,49215,49080.54688,49080.54688,6145,0
03-03-2021 06:00,49136,49564,49136,49564,6052,0
03-03-2021 07:00,49564,49768.05078,49564,49768.05078,6131,0
03-03-2021 08:00,49760,50929,49760,50929,6970,0
03-03-2021 09:00,50977,51557,50977,51557,7398,0
03-03-2021 10:00,51544,51544,51469,51469,7547,0
03-03-2021 11:00,51484,51714,51484,51714,7793,0
03-03-2021 12:00,51714,52534.20703,51714,52534.20703,8525,0
03-03-2021 13:00,52566,52566,51585,51585,8937,0
03-03-2021 14:00,51595.875,51595.875,50810,50810,9088,0
03-03-2021 15:00,50835,50835,50763,50801.15234,9153,0
03-03-2021 16:00,50819.27344,51200,50819.27344,51200,8686,0
03-03-2021 17:00,51150,51362,51150,51359,8256,0
03-03-2021 18:00,51371,51468.73047,51297,51297,8046,0
03-03-2021 19:00,51299,51299,50891,50891,8685,0
03-03-2021 20:00,50874,51115.64063,50560.21875,50560.21875,8619,0
03-03-2021 21:00,50576.84766,51025,50576.84766,50968,8613,0
03-03-2021 22:00,50923,50923,50670,50670,8707,0
03-03-2021 23:00,50620,50740,50425,50425,8603,0
04-03-2021 00:00,50425,50988,50425,50988,8831,0
04-03-2021 01:00,50957.55078,51570.12109,50957.55078,51570.12109,8986,0
04-03-2021 02:00,51544,51556,50864,50864,9086,0
04-03-2021 03:00,50834,50834,49616,49616,9729,0
04-03-2021 04:00,49662,49662,49091,49091,10026,1
04-03-2021 05:00,49098,49669,49098,49669,9999,0
04-03-2021 06:00,49661,49661,49427,49427,9878,0
04-03-2021 07:00,49393,49695,49393,49695,9735,0
04-03-2021 08:00,49747.04688,50223,49747.04688,50223,9053,0
04-03-2021 09:00,50247,50247,48655,49071,9157,1
04-03-2021 10:00,49105.12891,49225,49105.12891,49219.56641,9156,0
04-03-2021 11:00,49208.72656,49379,49208.72656,49379,8943,0
04-03-2021 12:00,49360,49429,49360,49379,8239,0
04-03-2021 13:00,49379,49684,49379,49684,7992,0
04-03-2021 14:00,49710,49710,49438,49438,7940,0
04-03-2021 15:00,49461,49461,49242,49435,7988,0
04-03-2021 16:00,49511,49741,49511,49741,7764,0
04-03-2021 17:00,49777,49777,48511,48511,8218,0
04-03-2021 18:00,48465,48483,47738,47738,9486,1
04-03-2021 19:00,47713,48059,47713,48017.23828,9180,0
04-03-2021 20:00,48020,48237.55469,48020,48237.55469,9549,0
04-03-2021 21:00,48256,48256,47950,47950,9560,0
04-03-2021 22:00,47957,48300,47957,48300,9439,0
04-03-2021 23:00,48300,48368,48300,48368,9558,0
05-03-2021 00:00,48368,48368,46872.13672,46872.13672,10494,0
05-03-2021 01:00,46888,46888,46684.95703,46816,10990,0
05-03-2021 02:00,46782,47206,46782,47206,11175,0
05-03-2021 03:00,47179.84375,47371,47179.84375,47371,10725,0
05-03-2021 04:00,47360,47360,46788.38672,46788.38672,10420,0
05-03-2021 05:00,46781,47338.86719,46781,47226,10350,0
05-03-2021 06:00,47236,47479.89844,47236,47479.89844,10353,0
05-03-2021 07:00,47489,47541,47374,47541,10405,0
05-03-2021 08:00,47498,47498,46662,46703,10387,1
05-03-2021 09:00,46732,47172.14063,46732,47172.14063,9889,0
05-03-2021 10:00,47136.03906,47193.33203,47136,47136,9728,0
05-03-2021 11:00,47166,47589,47166,47589,9839,0
05-03-2021 12:00,47601,47683.42969,47601,47683.42969,10052,0
05-03-2021 13:00,47742,48121,47742,48121,10489,0
05-03-2021 14:00,48146.00781,48188.43359,48146.00781,48188.43359,10332,0
05-03-2021 15:00,48193,48193,47974,47974,10172,0
05-03-2021 16:00,47897,47897,47466,47728.51172,10930,0
05-03-2021 17:00,47721,48158,47721,48157,10615,0
05-03-2021 18:00,48201,48520,48201,48520,9568,0
05-03-2021 19:00,48555,49395.69531,48555,49395.69531,9523,0
05-03-2021 20:00,49362,49362,49166,49253.03906,9177,0
05-03-2021 21:00,49244,49244,49108,49108,9208,0
05-03-2021 22:00,49111,49277,49111,49115,9504,0
05-03-2021 23:00,49114,49114,48811,48811,9417,0
06-03-2021 00:00,48811,48878,48811,48878,8247,0
06-03-2021 01:00,48878,48878,48715,48724,7531,0
06-03-2021 02:00,48740,48777,48647,48777,7317,0
06-03-2021 03:00,48777,48777,48686,48686,7140,0
06-03-2021 04:00,48684,48684,48435,48530,7004,0
06-03-2021 05:00,48516,48719,48511.99219,48511.99219,6890,0
06-03-2021 06:00,48539,49034,48539,49034,6893,0
06-03-2021 07:00,49031,49031,48900,48900,6772,0
06-03-2021 08:00,48898,48898,48698,48698,6584,0
06-03-2021 09:00,48667,48667,48311,48311,6713,0
06-03-2021 10:00,48322,48322,48022,48022,6698,0
06-03-2021 11:00,48001,48129.11328,48001,48129.11328,6588,0
06-03-2021 12:00,48113.05859,48113.05859,47636,47636,6478,0
06-03-2021 13:00,47649,47649,47390,47390,5953,0
06-03-2021 14:00,47380,47640,47380,47640,5790,0
06-03-2021 15:00,47652,47652,47384,47384,5654,1
06-03-2021 16:00,47357,47844,47357,47844,5014,0
06-03-2021 17:00,47830,48258,47830,48258,4823,0
06-03-2021 18:00,48291.9375,48465,48291.9375,48465,4682,0
06-03-2021 19:00,48455,48455,48332,48332,4443,0
06-03-2021 20:00,48330,48500,48330,48500,4449,0
06-03-2021 21:00,48500.49609,48561,48500.49609,48561,4365,0
06-03-2021 22:00,48561.66797,48934,48561.66797,48934,4262,0
06-03-2021 23:00,48903,49043.07813,48895,48895,4206,0
07-03-2021 00:00,48895,49216,48895,49216,4108,0
07-03-2021 01:00,49216,49216,49112,49112,4214,0
07-03-2021 02:00,49167,49846.37109,49167,49559,4405,0
07-03-2021 03:00,49604,49604,49566,49566,4504,0
07-03-2021 04:00,49589,49699,49493,49493,4485,0
07-03-2021 05:00,49492,49492,49187.73047,49356,4547,0
07-03-2021 06:00,49358,49522,49358,49522,4452,0
07-03-2021 07:00,49521,50105,49444,50105,4629,0
07-03-2021 08:00,50082,50561,50082,50428,4958,0
07-03-2021 09:00,50425,51022,50425,51022,5153,0
07-03-2021 10:00,51039,51039,50657,50657,5211,0
07-03-2021 11:00,50656,50806,50656,50738,5204,0
07-03-2021 12:00,50739,50739,50657,50657,5121,0
